account_id,alliance_id,timestamp,date,raw_message,filtered_message,filtered,filtered_content,risk,filter_detected_language,is_family_friendly,GENERAL_RISK,BULLYING,VIOLENCE,RELATIONSHIP_SEXUAL_CONTENT,VULGARITY,DRUGS_ALCOHOL,IN_APP,ALARM,FRAUD,HATE_SPEECH,RELIGIOUS,WEBSITE,CHILD_GROOMING,PUBLIC_THREAT,EXTREMISM,SUBVERSIVE,SENTIMENT,POLITICS,sentiment-neg,sentiment-pos
e4a7ec3c30275728930f437813cce77addce5f0b1c00f159a09df9955539aef9,11cf0f6b70280de8e21157a87da895c0db0dcc34222386600fb5d4959c88ee51,20230301T191826.449Z,2023-03-01,"depends on your overall goals. if its for better matchups, you should focus on fewer decks and neglect other cards. each upgrade increases your match weighting. I leveled up all around. it always gave me so many more options when it came to deck comp.","depends on your overall goals. if its for better matchups, you should focus on fewer decks and neglect other cards. each upgrade increases your match weighting. I leveled up all around. it always gave me so many more options when it came to deck comp.",0,[],2.0,en,1.0,2,-1.0,-1.0,-1.0,-1.0,-1.0,1.0,-1.0,-1.0,-1.0,-1.0,-1.0,-1.0,-1.0,-1.0,-1.0,-1.0,-1.0,0.86598724,-0.6839064
54c5a9d1c8114757d4b35240efa897a22bc28895e819a3cd5c98797f77a8375d,7c79793c8725b7394157f775f8e3f8bff2d173e93bede152f9f17fcef3f6daed,20230301T155311.928Z,2023-03-01,r,r,0,[],2.0,en,1.0,2,-1.0,-1.0,-1.0,-1.0,-1.0,-1.0,-1.0,-1.0,-1.0,-1.0,-1.0,-1.0,-1.0,-1.0,-1.0,-1.0,-1.0,-2.1865408,2.2347507
9eea942111cbd7b12091a1db7d6640d43f885692f2abf181aa7a6540c2e628b2,75922cafc08f8d08b915906b90f5c75db2e1448be1c94d2967c6e7d5c2e83d09,20230301T155235.611Z,2023-03-01,All good,All good,0,[],1.0,en,1.0,1,-1.0,-1.0,-1.0,-1.0,-1.0,-1.0,-1.0,-1.0,-1.0,-1.0,-1.0,-1.0,-1.0,-1.0,-1.0,-1.0,-1.0,-4.1828785,4.557667
89c31b38a52351c809235f2956a326e8da6e4418f9c931d914a54505a660b781,46c1e437614e72ae900ff9613495b976c09ec5a49befd60894ba5204f477610e,20230301T130735.370Z,2023-03-01,RAHHHHHHHHHHHHHHHH,RAHHHHHHHHHHHHHHHH,0,[],1.0,en,1.0,1,-1.0,-1.0,-1.0,-1.0,-1.0,-1.0,-1.0,-1.0,-1.0,-1.0,-1.0,-1.0,-1.0,-1.0,-1.0,-1.0,-1.0,2.2352161,-1.9584458
e01056c4e33d374e5076478dd417d84e579bf91eea157d31957bb3804a0803b4,ea950b782e2e60729b1af6821f1a35591e33164f4cb908b40899452f2860c72b,20230301T225231.489Z,2023-03-01,2vs2?? o 1vs1??,2vs2?? o 1vs1??,0,[],2.0,en,1.0,2,-1.0,-1.0,-1.0,-1.0,-1.0,-1.0,-1.0,-1.0,-1.0,-1.0,-1.0,-1.0,-1.0,-1.0,-1.0,-1.0,-1.0,2.7911928,-2.268315
06fddcd58269df6b679ab83e8592c8f1988317dc8f947a627b80ef5fe38dc03e,b1be47ef96de6d822bb9021a327d6eaa3afea6b7595eac314355b925f967e555,20230301T162642.073Z,2023-03-01,Lvl 12 mighty miner üò§,Lvl 12 mighty miner üò§,0,[],2.0,en,1.0,2,-1.0,-1.0,-1.0,-1.0,-1.0,1.0,-1.0,-1.0,-1.0,-1.0,-1.0,-1.0,-1.0,-1.0,-1.0,-1.0,-1.0,0.031884436,-0.014220118
cadb3f899309714a3972d069390289f72b70e833f99c0e2540f3f50d42453ca6,cfffa3db9fa5bea0c43f99ab19952b2355c4da01beebd83a66351d1871e98c91,20230301T150810.363Z,2023-03-01,vs bot,vs bot,0,[],2.0,en,1.0,2,-1.0,-1.0,-1.0,-1.0,-1.0,1.0,-1.0,-1.0,-1.0,-1.0,-1.0,-1.0,-1.0,-1.0,-1.0,-1.0,-1.0,-1.2493232,1.4176507
e170623f7d514e7d80d3c38e4a3f01bd830f630580edbac2548c40241f03751c,6142065ec354d4290c689fe407d9b9e56c47f5ccf5fa7599433e28b759acd11b,20230301T161514.915Z,2023-03-01,Do you just try to hog cycle me huh?,Do you just try to hog cycle me huh?,0,[],2.0,en,1.0,2,-1.0,-1.0,-1.0,-1.0,-1.0,-1.0,-1.0,-1.0,-1.0,-1.0,-1.0,-1.0,-1.0,-1.0,-1.0,-1.0,-1.0,3.767173,-3.105531
0d8e4a866e356e4e9c3e8f80852dd038d3816caa5caad648510c4ef5c90c62b0,3bf80fa9d9f411600e9f47cf0c2b4cf21d82ae46dc5cb24e6869248f19a13495,20230301T204741.312Z,2023-03-01,Yea I quit all I do it loose I can‚Äôt win one damn battle bro I give up on this game,Yea I quit all I do it loose I can‚Äôt win one damn battle bro I give up on this game,0,[],3.0,en,1.0,3,-1.0,-1.0,-1.0,3.0,-1.0,1.0,-1.0,-1.0,-1.0,-1.0,-1.0,-1.0,-1.0,-1.0,-1.0,-1.0,-1.0,3.6495323,-3.035369
05c33d918aa684e8d325f08187fab70147c4fc639b410581b904c88deae6054b,61767db432b79902b727bd480d5641aea5b0acf711ab6c4a48e10b379aa31150,20230301T025028.804Z,2023-03-01,no no,no no,0,[],1.0,en,1.0,1,-1.0,-1.0,-1.0,-1.0,-1.0,-1.0,-1.0,-1.0,-1.0,-1.0,-1.0,-1.0,-1.0,-1.0,-1.0,-1.0,-1.0,2.3675537,-1.9319837
06a1c118b589636c83bca63dac739c6defaf738da1e082633756dc56a2934bc7,0c37ece68df6167ff17c01a68e9e51f5db37ab8fac4f2ec09f6c907c5a69e323,20230301T212126.408Z,2023-03-01,Can anybody recommend me a deck that I can use for arena 13??,Can anybody recommend me a deck that I can use for arena 13??,0,[],2.0,en,1.0,2,-1.0,-1.0,-1.0,-1.0,-1.0,1.0,-1.0,-1.0,-1.0,-1.0,-1.0,-1.0,-1.0,-1.0,-1.0,-1.0,-1.0,1.556832,-1.2172031
cba8582e666235da4cd3893c8aff39132918723d4c1c8f93470f6e644d83f9fd,b54edc9db23b55970b1a5f3995cd375997539e68fdbaec3d3a6fa464fa5ec4ef,20230301T204812.756Z,2023-03-01,I almost came back and but got rocked at the end smh,I almost came back and but got rocked at the end smh,0,[],2.0,en,1.0,2,-1.0,-1.0,-1.0,-1.0,-1.0,-1.0,-1.0,-1.0,-1.0,-1.0,-1.0,-1.0,-1.0,-1.0,-1.0,-1.0,-1.0,2.2360313,-1.7963935
a7af5959631cb2a2276cab33053b2d1f9bcf4ffcf64b7446d95ccc5703ba6761,ebb591cdd218bd6e00ff632f2acd350d1f6f9c46f15cbd69a59f6b54523b6d16,20230301T154033.755Z,2023-03-01,You got Minion horde or zap to give?,You got Minion horde or zap to give?,0,[],2.0,en,1.0,2,-1.0,-1.0,-1.0,-1.0,-1.0,1.0,-1.0,-1.0,-1.0,-1.0,-1.0,-1.0,-1.0,-1.0,-1.0,-1.0,-1.0,2.3947735,-2.0290992
95e3f1bdb3f517e697280bb555eea85d9e197e31a59d59e4b1dba147cec4bf07,c58f81d1b0f6fd904eda0508a20e1967511383e26f6e579ce5f6b3fb391fe1e6,20230301T024949.943Z,2023-03-01,U don‚Äôt need no fucking explanation when I say it once just know I‚Äôm not doing it,U don‚Äôt need no fucking explanation when I say it once just know I‚Äôm not doing it,0,[],6.0,en,1.0,6,-1.0,-1.0,-1.0,6.0,-1.0,-1.0,-1.0,-1.0,-1.0,-1.0,-1.0,-1.0,-1.0,-1.0,-1.0,-1.0,-1.0,3.391205,-2.8218777
1e2a32636572bb11c873fc219650e4b7011dbe6f7dbeda6e3b14001255c6def7,bca402f420636564f499ff7e48c5a673d8d3016c9b9711913dbf1ff4723e3215,20230301T172617.113Z,2023-03-01,I‚Äôm prepared,I‚Äôm prepared,0,[],1.0,en,1.0,1,-1.0,-1.0,-1.0,-1.0,-1.0,-1.0,-1.0,-1.0,-1.0,-1.0,-1.0,-1.0,-1.0,-1.0,-1.0,-1.0,-1.0,-3.8762245,4.1262794
e5075d685e9ddaf479f99347cc4d5a180bdc5fed2731344b027a7726dcf5d8af,1d2356dfd79bde19bffaa4b18dbb2c2de807530d2671b34ed0205035217ed25b,20230301T024435.408Z,2023-03-01,So fuckin cringe,So fuckin cringe,0,[],6.0,en,1.0,6,-1.0,-1.0,-1.0,6.0,-1.0,-1.0,-1.0,-1.0,-1.0,-1.0,-1.0,-1.0,-1.0,-1.0,-1.0,-1.0,-1.0,3.7541482,-3.0742729
e4abb2e2589ddb67e8abb6c9c916ae1b151a0d4fd7bc4d513558270d5c464514,e23ac7bf2943d58f27befa1477f815035d5b5c2b9fca552448087b54f5a039b6,20230301T025743.674Z,2023-03-01,sex,***,1,['sex'],6.0,en,1.0,6,-1.0,-1.0,6.0,-1.0,-1.0,-1.0,-1.0,-1.0,-1.0,-1.0,-1.0,-1.0,-1.0,-1.0,-1.0,-1.0,-1.0,-3.1284223,3.1889327
eaf56bfb22ce761eb03120daddaa7696fab6c5d7bf93190340691b5d27c8f014,7f82e131a535ae2891b729cbd6160f3139c2e81b80b6b8c166ff8d695dd3e53e,20230301T191913.020Z,2023-03-01,aye but that's 50 valks Pekka or hogs üò≠üò≠üò≠,aye but that's 50 valks Pekka or hogs üò≠üò≠üò≠,0,[],2.0,en,1.0,2,-1.0,-1.0,-1.0,-1.0,-1.0,1.0,-1.0,-1.0,-1.0,-1.0,-1.0,-1.0,-1.0,-1.0,-1.0,-1.0,-1.0,2.227195,-1.9043876
7e6f4efbd00dc040a0b2dc59cb5c69b9f72554d5e8527612a05f432f4e72fcdc,e06c1ae051be24f874b6b82946f7f15a45755eda1db8bf6e7cf739e01b99738e,20230301T065956.904Z,2023-03-01,Ez bro fr,Ez bro fr,0,[],2.0,en,1.0,2,-1.0,-1.0,-1.0,-1.0,-1.0,1.0,-1.0,-1.0,-1.0,-1.0,-1.0,-1.0,-1.0,-1.0,-1.0,-1.0,-1.0,-1.0048565,1.1228211
b8a51f6940ed34c3adcb8e2b0f6ccd1a9ddfecd9f7e3da986efcfb7e09c36cfe,b3091998e63210ed410bb67c492a11a5a693ed94501a68990ff88b8b68061f54,20230301T015632.058Z,2023-03-01,Its a cool game,Its a cool game,0,[],1.0,en,1.0,1,-1.0,-1.0,-1.0,-1.0,-1.0,-1.0,-1.0,-1.0,-1.0,-1.0,-1.0,-1.0,-1.0,-1.0,-1.0,-1.0,-1.0,-4.3092475,4.673208
81f047695cf9392292fe19843e6780ff3d0c7b1f38df5b5c85be10e13650e405,c6904769e7fa14369be152ec611277395b251c978fff0e3415d4a6777a4b20fa,20230301T113514.510Z,2023-03-01,Ight hold up,Ight hold up,0,[],1.0,en,1.0,1,-1.0,-1.0,-1.0,-1.0,-1.0,-1.0,-1.0,-1.0,-1.0,-1.0,-1.0,-1.0,-1.0,-1.0,-1.0,-1.0,-1.0,-2.9274428,3.07478
0576b044f867ab754ac3a7faeb60eb04baed414818a48e50b397f892dac1f090,e12659e4e30937905bcc47d1b2eab0c5d8fc43bcd94fc65a22bdd39e079e76a1,20230301T174005.922Z,2023-03-01,hello!,hello!,0,[],0.0,en,1.0,0,-1.0,-1.0,-1.0,-1.0,-1.0,-1.0,-1.0,-1.0,-1.0,-1.0,-1.0,-1.0,-1.0,-1.0,-1.0,-1.0,-1.0,-3.7234983,3.9690607
41311e526b7b2bf1fe19802b7924e1d25f0197b80775921b866b384803578af8,78ee2a7aab1180ec86c497cf92a3bc73ddb6ff50c50d1e03d62cfc7d61092f0b,20230301T141804.756Z,2023-03-01,Now now chopper üòÇ,Now now chopper üòÇ,0,[],2.0,en,1.0,2,-1.0,-1.0,-1.0,-1.0,-1.0,-1.0,-1.0,-1.0,-1.0,-1.0,-1.0,-1.0,-1.0,-1.0,-1.0,-1.0,-1.0,1.5052036,-1.3080342
ab57dd3483ac167e5544730e83b112f0866b0118ae1ad42da3cdd9bded5be73d,2dc33e498f0a54bfd37d29665932b94737ee357eb7355da43bf039220bf8c6a5,20230301T034529.490Z,2023-03-01,I got my first win,I got my first win,0,[],2.0,en,1.0,2,-1.0,-1.0,-1.0,-1.0,-1.0,-1.0,-1.0,-1.0,-1.0,-1.0,-1.0,-1.0,-1.0,-1.0,-1.0,-1.0,-1.0,-4.130172,4.438006
c600e430979b10642638cd65a09cc5aa487521c00e3ae937e8b7d9afb3966048,44ac981c5faf78a6f72f2ff361f7e28840a3382f9ad07944125fd608434be319,20230301T192246.001Z,2023-03-01,4.5 days to get through league 9. this is going to be close,4.5 days to get through league 9. this is going to be close,0,[],2.0,en,1.0,2,-1.0,-1.0,-1.0,-1.0,-1.0,1.0,-1.0,-1.0,-1.0,-1.0,-1.0,-1.0,-1.0,-1.0,-1.0,-1.0,-1.0,2.2785766,-2.0337248
9b6d336371ac74a24adcb7d050800e6a1d3da2cf84d9241bb4d36c7ad4c8b2e9,066b685fca12b362abdf76d47f9979a464c2d5795c725e39f591ca9c75079ef4,20230301T232031.811Z,2023-03-01,congrats!,congrats!,0,[],1.0,en,1.0,1,-1.0,-1.0,-1.0,-1.0,-1.0,-1.0,-1.0,-1.0,-1.0,-1.0,-1.0,-1.0,-1.0,-1.0,-1.0,-1.0,-1.0,-3.8617709,4.1861277
5582fc63a327881412ec667e59346bb3eeb9efc5d559834a026677a04d855b35,eca0aa895a6ffc5659afa44616b57e296e1dd9cd2def903f1c8fc2af2ce7ea5c,20230301T011326.923Z,2023-03-01,mochooo,mochooo,0,[],1.0,en,1.0,1,-1.0,-1.0,-1.0,-1.0,-1.0,-1.0,-1.0,-1.0,-1.0,-1.0,-1.0,-1.0,-1.0,-1.0,-1.0,-1.0,-1.0,0.9199692,-0.6979266
88933ea3032374ad9a40c299cd6e06ba901f6043474959badf48782d5cd09853,51ae7c1f4a1dab464f38e7c7d5ebc226294518c907429911be30f1d90b2116d8,20230301T234129.491Z,2023-03-01,Ayoooooo,Ayoooooo,0,[],1.0,en,1.0,1,-1.0,-1.0,-1.0,-1.0,-1.0,-1.0,-1.0,-1.0,-1.0,-1.0,-1.0,-1.0,-1.0,-1.0,-1.0,-1.0,-1.0,-2.3380728,2.4082968
46cd7bb7c6cb4e82f550a645a4faf65b29e90a38033af301f9def1f5912f046d,f838ccf77595350fbd72e9a2be610b2e7d7b06bdcb6335f9840b1c453b238863,20230301T174447.022Z,2023-03-01,please,please,0,[],1.0,en,1.0,1,-1.0,-1.0,-1.0,-1.0,-1.0,-1.0,-1.0,-1.0,-1.0,-1.0,-1.0,-1.0,-1.0,-1.0,-1.0,-1.0,-1.0,-3.6855335,3.9180498
2ca0d610f721e1b1bec7b0d2b35ebcd3e549db990722f2d549909e88c270952d,b90c3f250b7cef0d06668f46553591916b564ae6a13988e269c4605b3f07356a,20230301T184550.026Z,2023-03-01,XXXVIDEOS,*********,1,['XXXVIDEOS'],6.0,en,1.0,6,-1.0,-1.0,6.0,-1.0,-1.0,-1.0,-1.0,-1.0,-1.0,-1.0,6.0,-1.0,-1.0,-1.0,-1.0,-1.0,-1.0,-1.2517635,1.1811354
58f1ab9d409ef39d8d469a983081400069fb1da8950d1cf2ada0a3a984d6d3e8,4709f5959826ce3ff6b109298882df452e47b9290c3e3ee9de283c229082d5a4,20230301T225609.154Z,2023-03-01,u,u,0,[],1.0,en,1.0,1,-1.0,-1.0,-1.0,-1.0,-1.0,-1.0,-1.0,-1.0,-1.0,-1.0,-1.0,-1.0,-1.0,-1.0,-1.0,-1.0,-1.0,-1.1743875,1.2242361
8fc1392d58b7c21420411588aabd1c01576ff211785b9d0ad6f21cdc2fdb9362,75cc40636412025ea28b871daf38e2b99a511d2863368ca1e01dbb4f90466374,20230301T181309.467Z,2023-03-01,Can‚Äôt trade I don‚Äôt have epics,Can‚Äôt trade I don‚Äôt have epics,0,[],1.0,en,1.0,1,-1.0,-1.0,-1.0,-1.0,-1.0,1.0,-1.0,-1.0,-1.0,-1.0,-1.0,-1.0,-1.0,-1.0,-1.0,-1.0,-1.0,2.2312229,-1.8429476
b1fa9d83fd942b6b339fe4bcfad9dcff6d50ba8922971fff2e06e499d3ae17ba,28b719ba2aacd554dc72c055a5e55535853e910a8ac80299a899199832dfe345,20230301T181931.477Z,2023-03-01,Thanks Exc üòÄ,Thanks Exc üòÄ,0,[],2.0,en,1.0,2,-1.0,-1.0,-1.0,-1.0,-1.0,-1.0,-1.0,-1.0,-1.0,-1.0,-1.0,-1.0,-1.0,-1.0,-1.0,-1.0,-1.0,-3.4317105,3.7697527
b787fcf7404d08362186ec4ca18e12a2f1a6bf92f273e4cbf65342b4335b5247,1b75e16f5e00b4f0813db953de0fe695347db8814d94291a43aff95e620ed9c7,20230301T212028.992Z,2023-03-01,Gonblin vs cellat,Gonblin vs cellat,0,[],2.0,en,1.0,2,-1.0,-1.0,-1.0,-1.0,-1.0,1.0,-1.0,-1.0,-1.0,-1.0,-1.0,-1.0,-1.0,-1.0,-1.0,-1.0,-1.0,1.077725,-0.7779485
cf6081a43ab496b8441ac2e64cd61f195bb616a9eaf4aa594e0859bb0669d404,0f7383ac748001d4dbef3c91ca2e91566f88a26cc2524081504f23da7a03fbe3,20230301T110618.910Z,2023-03-01,Morning early birds,Morning early birds,0,[],1.0,en,1.0,1,-1.0,-1.0,-1.0,-1.0,-1.0,-1.0,-1.0,-1.0,-1.0,-1.0,-1.0,-1.0,-1.0,-1.0,-1.0,-1.0,-1.0,-2.5059311,2.619817
e6e5ffd2c591ddf8a4dbf26c0decc21f9d13494932e64767262c60f86e06267c,a622d69ce4a69c34999908bc0f1ede045d6a203c98385505f8c990b95d224a0d,20230301T152626.323Z,2023-03-01,thank you ü§ù,thank you ü§ù,0,[],1.0,en,1.0,1,-1.0,-1.0,-1.0,-1.0,-1.0,-1.0,-1.0,-1.0,-1.0,-1.0,-1.0,-1.0,-1.0,-1.0,-1.0,-1.0,-1.0,-4.087335,4.4957676
a659494a9065322830dee8430b53aa30698bfec1a3fc47777943eff07a8371e8,4e0fdbc8dfecc55809b5284a0f6ab47d76ed344f8ec6a6e0d38c9b23ec80a135,20230301T165041.159Z,2023-03-01,Ass,Ass,0,[],5.0,en,1.0,5,-1.0,-1.0,-1.0,5.0,-1.0,-1.0,-1.0,-1.0,-1.0,-1.0,-1.0,-1.0,-1.0,-1.0,-1.0,-1.0,-1.0,2.8475177,-2.382013
ee0184cbec05c49eebc0d32214c2e05717a114c8f0ab022c1dcf55da93ab0991,a7c18bd134f3bc48c4a6d9ec5f1adb9bb4f3d5a9f7e07345ca93076eff93d766,20230301T144708.525Z,2023-03-01,welcome happy!,welcome happy!,0,[],1.0,en,1.0,1,-1.0,-1.0,-1.0,-1.0,-1.0,-1.0,-1.0,-1.0,-1.0,-1.0,-1.0,-1.0,-1.0,-1.0,-1.0,-1.0,-1.0,-4.248735,4.5572615
21b0e993ca351fe5de7c3bbba0c5915d473bfc4adf0234205c3cb49273a5a964,fd388cb4c6242e425108e96f0281fc6e4420fed1d15f6d1a44095c5f698fe05d,20230301T174028.441Z,2023-03-01,ok,ok,0,[],2.0,en,1.0,2,-1.0,-1.0,-1.0,-1.0,-1.0,-1.0,-1.0,-1.0,-1.0,-1.0,-1.0,-1.0,-1.0,-1.0,-1.0,-1.0,-1.0,-4.0382495,4.4067
00a0a06e34bd594859fa409425d477602fcbc6165a0030a2aa027d453fc2986a,7bc9fed631eaa21b831b3dbd247ffc53f5bd2f0e58517352f5e37e13fbe0cdb6,20230301T213349.876Z,2023-03-01,SCOREDBOARD,SCOREDBOARD,0,[],2.0,en,1.0,2,-1.0,-1.0,-1.0,-1.0,-1.0,-1.0,-1.0,-1.0,-1.0,-1.0,-1.0,-1.0,-1.0,-1.0,-1.0,-1.0,-1.0,-2.1835346,2.262955
bf016378b872403e3972a4ce8b032868a3ce6357287c629ee21c1064dc911709,982aeea52d42b734c38532af5ff2620e3892aeaaf204725705f6ccdd3bffb06c,20230301T185208.176Z,2023-03-01,do what ya gotta do üôèüôèüôè,do what ya gotta do üôèüôèüôè,0,[],1.0,en,1.0,1,-1.0,-1.0,-1.0,-1.0,-1.0,-1.0,-1.0,-1.0,-1.0,-1.0,-1.0,-1.0,-1.0,-1.0,-1.0,-1.0,-1.0,0.052247386,0.05031257
53e3b8696faceaebff1dcc4710d241647b7be654eb6283e2822c8f59be989920,72503a55de71aeeb52f3e2dada7c2e5f22b8ee5c53542f5ea578bc421811faec,20230301T114542.097Z,2023-03-01,cycle is skill if anyone says it's not fuuuckkkk them,cycle is skill if anyone says it's not fuuuckkkk them,0,[],6.0,en,1.0,6,-1.0,-1.0,-1.0,6.0,-1.0,-1.0,-1.0,-1.0,-1.0,-1.0,-1.0,-1.0,-1.0,-1.0,-1.0,-1.0,-1.0,-2.1351728,2.230861
471746b381dcd10cb3ff781b0a343e5ffeb38d5fe29fee009e41673293aed918,38f06fe05b0d3585c82ce43331dc47c4b927fb9493249d1f879e9b2e5b0f5011,20230301T185525.550Z,2023-03-01,Easiest dub of our lives yol,Easiest dub of our lives yol,0,[],2.0,en,1.0,2,-1.0,-1.0,-1.0,-1.0,-1.0,-1.0,-1.0,-1.0,-1.0,-1.0,-1.0,-1.0,-1.0,-1.0,-1.0,-1.0,-1.0,-1.3557836,1.3840699
c4d43136f4c963614830df9499113f828a1bfdf3de2297e13c60dda7e5abab9f,d4117075a01f00e9271d7d0948adfda592980ae00e48878f9226c6a183f091da,20230301T234748.649Z,2023-03-01,ggs,ggs,0,[],2.0,en,1.0,2,-1.0,-1.0,-1.0,-1.0,-1.0,-1.0,-1.0,-1.0,-1.0,-1.0,-1.0,-1.0,-1.0,-1.0,-1.0,-1.0,-1.0,0.20406818,-0.14355668
6d823d5e9989f3f31d6968209135d83786c1cc313d5d4884cc21975856937ea8,eb6c6cf0541f1e2712aec593851e7a8157610b583063b77105b7a9214b84bd88,20230301T184255.506Z,2023-03-01,that is my new favorite word,that is my new favorite word,0,[],1.0,en,1.0,1,-1.0,-1.0,-1.0,-1.0,-1.0,-1.0,-1.0,-1.0,-1.0,-1.0,-1.0,-1.0,-1.0,-1.0,-1.0,-1.0,-1.0,-3.226317,3.4184911
2744f24b1912b8e2ba7964a8907abe8e77df49614ea33e5b72ba49c1ee9202e4,7ab84df8b642e664ebe7e8672a3e33466f10aeec246b959b5b12815a5072314f,20230301T000200.774Z,2023-03-01,What kind of job u got if u don‚Äôt mind me asking,What kind of job u got if u don‚Äôt mind me asking,0,[],2.0,en,1.0,2,-1.0,-1.0,-1.0,-1.0,-1.0,-1.0,-1.0,-1.0,-1.0,-1.0,-1.0,-1.0,-1.0,-1.0,-1.0,-1.0,-1.0,0.4061198,-0.24644694
f6d459c8981db5234f1597858858a1d75c5c8969afbf86a9e138edab09a35607,ba4646889ee8876bab75feb68284c5e34353e0371e396ec1bd9bddfe5b295735,20230301T192313.474Z,2023-03-01,hi,hi,0,[],0.0,en,1.0,0,-1.0,-1.0,-1.0,-1.0,-1.0,-1.0,-1.0,-1.0,-1.0,-1.0,-1.0,-1.0,-1.0,-1.0,-1.0,-1.0,-1.0,-3.1092095,3.2821114
3dcb665bb46246ae63f757db61e19332d1044aaa547a6a6e0e44c1369ee83531,ef96b762e875e61f775768b3ca6cd43f2a526d772b38458c55277d0ab372b459,20230301T075430.385Z,2023-03-01,no i dont have have money,no i dont have have money,0,[],1.0,en,1.0,1,-1.0,-1.0,-1.0,-1.0,-1.0,-1.0,-1.0,-1.0,-1.0,-1.0,-1.0,-1.0,-1.0,-1.0,-1.0,-1.0,-1.0,2.9736373,-2.4822404
0342dea5cf6702f302a609285ee2bd629a808cef4b345d2f64e7a48215560004,f077c40e22c20a290014d2fe95268922f591232fc2f8ca8dd53a59ea7efc91a8,20230301T171801.332Z,2023-03-01,pf,pf,0,[],2.0,en,1.0,2,-1.0,-1.0,-1.0,-1.0,-1.0,-1.0,-1.0,-1.0,-1.0,-1.0,-1.0,-1.0,-1.0,-1.0,-1.0,-1.0,-1.0,0.98544127,-0.68459654
3b88ad46e182aeff5ec8f8a9e25eb3663d5ca95c7630d7575f0fa465335e58d1,77a7baa6ac9cdabd86247099bd675c237d5d725a28dc16c25d04bdd2beb2113a,20230301T003347.536Z,2023-03-01,Haha no bro I didn‚Äôt want to become level 13,Haha no bro I didn‚Äôt want to become level 13,0,[],2.0,en,1.0,2,-1.0,-1.0,-1.0,-1.0,-1.0,1.0,-1.0,-1.0,-1.0,-1.0,-1.0,-1.0,-1.0,-1.0,-1.0,-1.0,-1.0,3.6533835,-3.0658612
890e2dca7be0d2dfe73a3e87b14402a3e6e58cd60a45f76208b7f1b15ff67f0d,fe8d6b0762aa4ca1e66536d8c12ea9dff915514dbe6a89b035b52f2b30f65e05,20230301T201056.339Z,2023-03-01,anyone wanna fight,anyone wanna fight,0,[],2.0,en,1.0,2,-1.0,2.0,-1.0,-1.0,-1.0,-1.0,-1.0,-1.0,-1.0,-1.0,-1.0,-1.0,-1.0,-1.0,-1.0,-1.0,-1.0,0.82969975,-0.7238537
7b116de1714384b94c30d3e7e9167db55a6c45c920b0945935a726c45558ceb9,5547f68f2c429ade4664dc0d8b283fe209fcfbace54b86a8bfdc3a92ae3dfda7,20230301T190435.585Z,2023-03-01,i dont want cannon carts :(,i dont want cannon carts :(,0,[],1.0,en,1.0,1,-1.0,-1.0,-1.0,-1.0,-1.0,1.0,-1.0,-1.0,-1.0,-1.0,-1.0,-1.0,-1.0,-1.0,-1.0,-1.0,-1.0,2.9628098,-2.532096
cdeb7f0bb09e50ecb47aeabbe029344a0d1e9fd3d2c3c6222fd57bcb113e34aa,46fa49539d7a3c2c4a99ecd4873fefbfd8efc500ffb5e688f5298c91343845e7,20230301T032631.180Z,2023-03-01,I earned myself a drink.,I earned myself a drink.,0,[],2.0,en,1.0,2,-1.0,-1.0,-1.0,-1.0,-1.0,-1.0,-1.0,-1.0,-1.0,-1.0,-1.0,-1.0,-1.0,-1.0,-1.0,-1.0,-1.0,-2.7327788,2.900377
a892ab15f96febcecf127da4b90e7b9201a515c38260e881a5effee1d1950d44,2265e3f95c5a121503873e98f0791af2c77314e1ce9c0dfef759c9d01b1d877d,20230301T005441.213Z,2023-03-01,went from good luck to gg real quick xD,went from good luck to gg real quick xD,0,[],1.0,en,1.0,1,-1.0,-1.0,-1.0,-1.0,-1.0,-1.0,-1.0,-1.0,-1.0,-1.0,-1.0,-1.0,-1.0,-1.0,-1.0,-1.0,-1.0,-3.0615008,3.245651
bb0286387298522be26f2625afeaf1f555e2ab014fdeb93c2f1974b64586ea9c,3bbca6cf25bb34bf57fed67a2e97a317cdae079a740e19611777e1b0b4a03879,20230301T044545.896Z,2023-03-01,That‚Äôs the ‚Ä¶‚ÄùMotto‚Äù,That‚Äôs the ‚Ä¶‚ÄùMotto‚Äù,0,[],1.0,en,1.0,1,-1.0,-1.0,-1.0,-1.0,-1.0,-1.0,-1.0,-1.0,-1.0,-1.0,-1.0,-1.0,-1.0,-1.0,-1.0,-1.0,-1.0,-2.445955,2.4986877
742ee11839edc4afd56d686791d217688306ee1670ba60af5b12380efee8b292,eb7f95d222a2357665733bd5cde5051c1381bb15cc3a67538dc11c936da068b8,20230301T184431.391Z,2023-03-01,Balloon,Balloon,0,[],1.0,en,1.0,1,-1.0,-1.0,-1.0,-1.0,-1.0,1.0,-1.0,-1.0,-1.0,-1.0,-1.0,-1.0,-1.0,-1.0,-1.0,-1.0,-1.0,-1.9825088,2.1886272
71cfdba96910e670431ce5346360c07effee6de79482bde6c8cdb6691249bdb4,e2a8ac4de25c6f6dd3f5266be00653dab8a0e43c80cd400b08186a9cbaa9c791,20230301T170353.101Z,2023-03-01,yukkk,yukkk,0,[],1.0,en,1.0,1,-1.0,-1.0,-1.0,-1.0,-1.0,-1.0,-1.0,-1.0,-1.0,-1.0,-1.0,-1.0,-1.0,-1.0,-1.0,-1.0,-1.0,0.72318435,-0.5348306
60c7a644d274f9735e8b322d3eab0a844eca21da6307cc63e9d33ba7dd0143cf,99f83712777530a9eeb8615b3af2d1ebc4b549fe878aab6b20916905b4bb6c5c,20230301T023330.789Z,2023-03-01,I‚Äôd swap miner out atleast,I‚Äôd swap miner out atleast,0,[],1.0,en,1.0,1,-1.0,-1.0,-1.0,-1.0,-1.0,1.0,-1.0,-1.0,-1.0,-1.0,-1.0,-1.0,-1.0,-1.0,-1.0,-1.0,-1.0,2.3921127,-2.0961416
fa44b9320ea8166709cd8bfb3162f3f2df2ca611cf2a2223729593528462178a,7f08f891a7b448d6a020b31185f526f516bd0af89b0cc4b466d3db1ea036873f,20230301T105300.154Z,2023-03-01,next time I'll be winning üéØ all 5 match,next time I'll be winning üéØ all 5 match,0,[],2.0,en,1.0,2,-1.0,-1.0,-1.0,-1.0,-1.0,1.0,-1.0,-1.0,-1.0,-1.0,-1.0,-1.0,-1.0,-1.0,-1.0,-1.0,-1.0,-2.966033,3.1976638
4dc685232f55db0b4379bac6f75ecf08a32d606f5903f8d39bd74f8eaa3cc52b,56de439a58276bafde1a39f58799bdaa10dc20aa6ca2c960b36f8c5b4b2a0bca,20230301T040358.793Z,2023-03-01,I can‚Äôt stand challenges,I can‚Äôt stand challenges,0,[],2.0,en,1.0,2,-1.0,-1.0,-1.0,-1.0,-1.0,-1.0,-1.0,-1.0,-1.0,-1.0,-1.0,-1.0,-1.0,-1.0,-1.0,-1.0,-1.0,3.466025,-2.9130304
272c37360da3cb605b91cafa8fc8b8b08b819b6c03729f85efc625d8746cc102,bfead5965e034e952c91ce35c94473e4bb39d4e4d660dc67bf69dddef2a4db12,20230301T040029.666Z,2023-03-01,Soda vs top 5 ladder rn,Soda vs top 5 ladder rn,0,[],2.0,en,1.0,2,-1.0,-1.0,-1.0,-1.0,-1.0,-1.0,-1.0,-1.0,-1.0,-1.0,-1.0,-1.0,-1.0,-1.0,-1.0,-1.0,-1.0,2.0865405,-1.8151257
ab104a32959f6311983d56da2b5729893de97a476e97fe4ee8294ff39de784db,3d54539da2318510c0ba6949bc5825080b4aadc52d19397bf951dfa5d17344cc,20230301T201048.269Z,2023-03-01,hii animal,hii animal,0,[],1.0,en,1.0,1,-1.0,-1.0,-1.0,-1.0,-1.0,1.0,-1.0,-1.0,-1.0,-1.0,-1.0,-1.0,-1.0,-1.0,-1.0,-1.0,-1.0,-0.22921115,0.31932926
4e5cecff59bf6825547e40fafd2a7839a539d33437730a24834b0a4cb6612f52,2a7ddc46e660ec27227431a93ca2280842a5fb7dbef2f04cd7fc9bb2f9e96bd3,20230301T175655.935Z,2023-03-01,hello,hello,0,[],0.0,en,1.0,0,-1.0,-1.0,-1.0,-1.0,-1.0,-1.0,-1.0,-1.0,-1.0,-1.0,-1.0,-1.0,-1.0,-1.0,-1.0,-1.0,-1.0,-3.6784706,3.95975
349c91de810464dfce05da39c88d6671d0e02006eb8edb435d14df97567d0158,76b2b130d98db967978c2154c29f69d97691390f3a7a25fef9112e9ecb6241aa,20230301T234350.682Z,2023-03-01,watch that replay guys,watch that replay guys,0,[],2.0,en,1.0,2,-1.0,-1.0,-1.0,-1.0,-1.0,1.0,-1.0,-1.0,-1.0,-1.0,-1.0,-1.0,-1.0,-1.0,-1.0,-1.0,-1.0,-2.8720586,2.8415172
212e6769219445a94a471f7c72bba6ccc1c112404502dc159742d6b8d96ed860,c38eb960d22f3bae6b63d025fd285ced3a8f37c69ae41d6ae0e6900da3419b05,20230301T191115.245Z,2023-03-01,i can trade lava,i can trade lava,0,[],1.0,en,1.0,1,-1.0,-1.0,-1.0,-1.0,-1.0,1.0,-1.0,-1.0,-1.0,-1.0,-1.0,-1.0,-1.0,-1.0,-1.0,-1.0,-1.0,-0.15320714,0.23527035
2bcf0fbc304b71f17c1c80b3698c56794c4d2ff88f82a55228885597baae07a9,92fa3437532d8a0828d48701ed93c80e05a42778f2a1f6b3a655a8623b954edd,20230301T023533.341Z,2023-03-01,he then runs out in front and your giant is left alone to eat all the damage,he then runs out in front and your giant is left alone to eat all the damage,0,[],2.0,en,1.0,2,-1.0,2.0,-1.0,-1.0,-1.0,1.0,-1.0,-1.0,-1.0,-1.0,-1.0,-1.0,-1.0,-1.0,-1.0,-1.0,-1.0,3.8594034,-3.2329938
c6e227076f000e5edda6bc710cf8b6eb899b2c42c9c4483a7f98175354dbba8a,b7c0bd4e99a8b28be8b864ee35012d1b4b8d6a1dfe6b9793d430b3442ac0bef2,20230301T224248.907Z,2023-03-01,gg,gg,0,[],1.0,en,1.0,1,-1.0,-1.0,-1.0,-1.0,-1.0,-1.0,-1.0,-1.0,-1.0,-1.0,-1.0,-1.0,-1.0,-1.0,-1.0,-1.0,-1.0,-0.120970905,0.103868
39b97b6b4edc9e8c34e65ba86f8fdb74846c2e76ebcc0f7dc3396c371c81a59b,9668ae11ee763fb66013525e01692c59fc8709608596743ff35ecc7fcc7b57bc,20230301T204245.548Z,2023-03-01,tu broken hai sympathy dikha kr tujhe apne trf kr rha,tu broken hai sympathy dikha kr tujhe apne trf kr rha,0,[],5.0,en,1.0,5,-1.0,-1.0,5.0,-1.0,-1.0,-1.0,-1.0,-1.0,-1.0,-1.0,-1.0,-1.0,-1.0,-1.0,-1.0,-1.0,-1.0,2.2199678,-1.9191921
3659ff48473ce3e4e2b16f7f67641c3caea3fa9332814d97b40435abb95bd05a,1ff9bc6653097dff013d1398dad03c52a0062f55dd35bd3ad7eb8099b8ac2eb3,20230301T214224.766Z,2023-03-01,Who tf is this,Who tf is this,0,[],3.0,en,1.0,3,-1.0,-1.0,-1.0,3.0,-1.0,-1.0,-1.0,-1.0,-1.0,-1.0,-1.0,-1.0,-1.0,-1.0,-1.0,-1.0,-1.0,2.770119,-2.229114
be29a27d9b120603493165c225d179508312cf30fe55125d2a9bd95d1e515e35,7b9080f302fb407f530bf3926ef56edb15e0f231c2481e2a98aa6a3d209ec4aa,20230301T150438.008Z,2023-03-01,gg,gg,0,[],1.0,en,1.0,1,-1.0,-1.0,-1.0,-1.0,-1.0,-1.0,-1.0,-1.0,-1.0,-1.0,-1.0,-1.0,-1.0,-1.0,-1.0,-1.0,-1.0,-0.120970905,0.103868
0a751bf3141c32b0066c220e6b97ae7ee579f70059fac26c79fa1398d70ed202,405ff963a905f632a1580c8188d804c17acd04b7b0272b736af6608fa4126ea4,20230301T000324.724Z,2023-03-01,1k 1k then I misplaced like 9 cards,1k 1k then I misplaced like 9 cards,0,[],2.0,en,1.0,2,-1.0,-1.0,-1.0,-1.0,-1.0,-1.0,-1.0,-1.0,-1.0,-1.0,-1.0,-1.0,-1.0,-1.0,-1.0,-1.0,-1.0,3.7183223,-3.0990677
a6e6b153e565bddb6e4a99a70d7b761f55acbb3e7b289930e1b914edc44c2904,a87aa90283b6eae5d435ee091913e0b551343a74f6617f9b1f7fbad52e158f0a,20230301T004224.109Z,2023-03-01,maybe I'm top 846,maybe I'm top 846,0,[],2.0,en,1.0,2,-1.0,-1.0,-1.0,-1.0,-1.0,-1.0,-1.0,-1.0,-1.0,-1.0,-1.0,-1.0,-1.0,-1.0,-1.0,-1.0,-1.0,-2.3890364,2.5190775
dd15c8d7d0948872e2e9b143c361971251e9247002e58aefeb07e61b3ee20bc9,a52309bca602d7075cebb3552ce4a5dd9455d7844550c2830ae65a3022195b44,20230301T221041.495Z,2023-03-01,That deck is aids,That deck is aids,0,[],3.0,en,1.0,3,-1.0,-1.0,-1.0,-1.0,-1.0,1.0,-1.0,-1.0,-1.0,-1.0,-1.0,-1.0,-1.0,-1.0,-1.0,-1.0,-1.0,2.091201,-1.7696846
d3fd427e05f3bb31d509625ad4e8457517b1f4bed24d99f8079796347a2ec9e7,67e878e1d85b5519a8f5bd6a70165a2a2773a747d4f35ef3e6dcfa6e4d1a36b9,20230301T213128.294Z,2023-03-01,hows it going?,hows it going?,0,[],1.0,en,1.0,1,-1.0,-1.0,-1.0,-1.0,-1.0,-1.0,-1.0,-1.0,-1.0,-1.0,-1.0,-1.0,-1.0,-1.0,-1.0,-1.0,-1.0,2.1178324,-1.6692107
1d241643e022c7e81faf676a45e6d032b1a905ccbbc8eb695c9cb7ad15c43c2d,29f0d23657c28fbd92009106bf4da05626b7261fe46348e91a83d8871bab1f27,20230301T070215.751Z,2023-03-01,Arffffffff,Arffffffff,0,[],1.0,en,1.0,1,-1.0,-1.0,-1.0,-1.0,-1.0,-1.0,-1.0,-1.0,-1.0,-1.0,-1.0,-1.0,-1.0,-1.0,-1.0,-1.0,-1.0,2.1066449,-1.821578
38ffda524d8b48128915f23fe532850dd00fd6705d986e6df39b4ff7b651b7b5,4db13e542d1d6cae96fdf7fa99faba6c53349412fdcce6b5fa6ee8dd4093201c,20230301T221628.946Z,2023-03-01,ur trash hahahahaha,ur trash hahahahaha,0,[],3.0,en,1.0,3,3.0,-1.0,-1.0,-1.0,-1.0,-1.0,-1.0,-1.0,-1.0,-1.0,-1.0,-1.0,-1.0,-1.0,-1.0,-1.0,-1.0,2.6326735,-2.3245203
5c2014f5f55a2b9483370adb9f8ef26a837cce47f0617afa701698df308b55a9,818a7249103a6501c980b3a0aef189dfefed7ab20939c0be0707d7319b136291,20230301T191221.651Z,2023-03-01,mercy,mercy,0,[],1.0,en,1.0,1,-1.0,-1.0,-1.0,-1.0,-1.0,-1.0,-1.0,-1.0,-1.0,-1.0,-1.0,-1.0,-1.0,-1.0,-1.0,-1.0,-1.0,0.64566296,-0.55666757
7aa6dd13e9083d2541113d4cb16358e72286fa24dabc95648dfcdf70ba685f8e,5d6dfabe5aaa6593075a09de28bc7bf96b1a8607d255a60940621b27d0aacdd1,20230301T183616.518Z,2023-03-01,seriously aao,seriously aao,0,[],1.0,en,1.0,1,-1.0,-1.0,-1.0,-1.0,-1.0,-1.0,-1.0,-1.0,-1.0,-1.0,-1.0,-1.0,-1.0,-1.0,-1.0,-1.0,-1.0,1.778081,-1.4192725
2a2f33b7f013c2df60fc1b5fdeb9d5806c7198246129b159efd2165a58cdf26b,d909deac42d3b68693fb7e751acf73eb96111cdc1b3cfae9c0a88d31332e950e,20230301T182235.993Z,2023-03-01,I got like 2/3 wins free,I got like 2/3 wins free,0,[],3.0,en,1.0,3,-1.0,-1.0,-1.0,-1.0,-1.0,-1.0,-1.0,-1.0,-1.0,-1.0,-1.0,-1.0,-1.0,-1.0,-1.0,-1.0,-1.0,-2.330179,2.57739
1ee1b428c5bdead4f4b809e0ef5dae44d1a60ee38fd8e56d73d86aeda8d1e2ce,bcfccf86ec22ef621a537bc693ffc64445480f499b9c9192a0da9ba45ae45935,20230301T032618.905Z,2023-03-01,if i‚Äôm a little long to write it‚Äôs normal i don‚Äôt speak english very well i have to go through the internet ü•≤,if i‚Äôm a little long to write it‚Äôs normal i don‚Äôt speak english very well i have to go through the internet ü•≤,0,[],2.0,en,1.0,2,-1.0,-1.0,-1.0,-1.0,-1.0,1.0,-1.0,-1.0,-1.0,-1.0,-1.0,-1.0,-1.0,-1.0,-1.0,-1.0,-1.0,3.8191304,-3.118975
b2712cdbc9cb3111e3f064edd7b51c892f506235198280cbfe928c9bd1712b94,ad77a3776b2b70a86126d32103bf03f88888cfcb624570f9fbc3dfa7a411ab2f,20230301T053702.847Z,2023-03-01,Ight,Ight,0,[],1.0,en,1.0,1,-1.0,-1.0,-1.0,-1.0,-1.0,-1.0,-1.0,-1.0,-1.0,-1.0,-1.0,-1.0,-1.0,-1.0,-1.0,-1.0,-1.0,-0.7309937,0.91430885
dd6566840b0e454182aebd324cbce91e5c64e964c280a2caf68b2c978715930e,ad756bc75513af8a665b43033a4f0b1cc37d0ebb915c16a946c1518c2248d81c,20230301T150026.367Z,2023-03-01,infamus,infamus,0,[],2.0,en,1.0,2,-1.0,-1.0,-1.0,-1.0,-1.0,-1.0,-1.0,-1.0,-1.0,-1.0,-1.0,-1.0,-1.0,-1.0,-1.0,-1.0,-1.0,2.2800157,-2.0472617
b0444702fc3637379a331a7a2b1372c6db60894e1634b86b4535da3ad86a07b8,64c54a32c1e9d3fa015c6ff839af3568d3a022fe42ab410c3b22c8fdae18bc09,20230301T052905.126Z,2023-03-01,thanks,thanks,0,[],0.0,en,1.0,0,-1.0,-1.0,-1.0,-1.0,-1.0,-1.0,-1.0,-1.0,-1.0,-1.0,-1.0,-1.0,-1.0,-1.0,-1.0,-1.0,-1.0,-4.09059,4.4672127
39a983a2376d1e91d23f3622757855f9a3719ae51820abe3914b50fa6a795fda,9b2a2f6fb5b516e753f3779cba75ddff872ed7659804115d06b616b689227d4f,20230301T183104.411Z,2023-03-01,sadox,sadox,0,[],1.0,en,1.0,1,-1.0,-1.0,-1.0,-1.0,-1.0,-1.0,-1.0,-1.0,-1.0,-1.0,-1.0,-1.0,-1.0,-1.0,-1.0,-1.0,-1.0,4.021347,-3.3319051
a2202b983df080a0eb1d20b32a6f817921365cb97bc9d083d3335aef0f2345aa,9d6c4edcf0872569390643970209778b2f3ff317fc814c71420a365b236686a7,20230301T192703.350Z,2023-03-01,This deck good,This deck good,0,[],1.0,en,1.0,1,-1.0,-1.0,-1.0,-1.0,-1.0,1.0,-1.0,-1.0,-1.0,-1.0,-1.0,-1.0,-1.0,-1.0,-1.0,-1.0,-1.0,-4.236903,4.540048
94bbfd96e6fc080165dd8c3abf8fdc2f7b5d991714107eebd08649c47189e63a,2edf547f37be102f40667b0f8f7d7183e96047069a5c6a798990cc56864b6092,20230301T190424.143Z,2023-03-01,ZOOOOO,ZOOOOO,0,[],1.0,en,1.0,1,-1.0,-1.0,-1.0,-1.0,-1.0,-1.0,-1.0,-1.0,-1.0,-1.0,-1.0,-1.0,-1.0,-1.0,-1.0,-1.0,-1.0,-1.7047898,1.7706834
ab46fe60b4a4e56d4ed64f105f27331f2f31a5c5471fc0b211735fd0e45b7d19,fcf6f7ded984a3f86a361d4d6fe17a777d6c3f28cfbeada416afb4777e80c227,20230301T094607.121Z,2023-03-01,Epic ?,Epic ?,0,[],1.0,en,1.0,1,-1.0,-1.0,-1.0,-1.0,-1.0,1.0,-1.0,-1.0,-1.0,-1.0,-1.0,-1.0,-1.0,-1.0,-1.0,-1.0,-1.0,-2.1480596,2.373645
ff0616b897179d1689cce7ac77420b7a90866e46db4a5fcf586c5e4c9044006e,e51783f6df1991e3b7775a535cc0282a4751b670d1c5ada9d2d137076cdab2be,20230301T233708.882Z,2023-03-01,weed,weed,0,[],5.0,en,1.0,5,-1.0,-1.0,-1.0,-1.0,5.0,-1.0,-1.0,-1.0,-1.0,-1.0,-1.0,-1.0,-1.0,-1.0,-1.0,-1.0,-1.0,3.0455143,-2.495834
033d94bb26c1bf4ecd8513629c5a03065e8b7ceabfbe915243fe3dc680aecce6,ff28096c07de57e4e12774986662dcbe5bdecbe30112c81d4c2dcd3b3bfb5f15,20230301T215018.146Z,2023-03-01,paired w mk n witch,paired w mk n witch,0,[],2.0,en,1.0,2,-1.0,-1.0,-1.0,-1.0,-1.0,1.0,-1.0,-1.0,-1.0,-1.0,-1.0,-1.0,-1.0,-1.0,-1.0,-1.0,-1.0,0.794658,-0.53937423
4372843310f4893be0984d986bba6c8b40d67d3e4e096fa5aa85286bdbc46624,7ae0e50db7aa186922d37078c53023d76aa4638d8daffe8a38996b451b83851d,20230301T133146.258Z,2023-03-01,Ggs,Ggs,0,[],2.0,en,1.0,2,-1.0,-1.0,-1.0,-1.0,-1.0,-1.0,-1.0,-1.0,-1.0,-1.0,-1.0,-1.0,-1.0,-1.0,-1.0,-1.0,-1.0,0.20406818,-0.14355668
5f3cee9a8c62e6059066831c56aaf44bb62f6358f6ad08205c0012b0136572c9,f31c27ab06825462ba68a6b97c06b2aca1aff6c454e34012714058f13f27b3f2,20230301T081241.131Z,2023-03-01,spark challenge deck,spark challenge deck,0,[],1.0,en,1.0,1,-1.0,-1.0,-1.0,-1.0,-1.0,1.0,-1.0,-1.0,-1.0,-1.0,-1.0,-1.0,-1.0,-1.0,-1.0,-1.0,-1.0,-3.5101209,3.6769974
c9f358ac90465fabd07cf3010e56fb828c287dd6ebb50f165229a8a0f03f2433,dcb567ee11f3c567faa6f1a6022a60cbd1d5fc75d9dc1ab19487752144d141aa,20230301T113110.638Z,2023-03-01,2 game 7500,2 game 7500,0,[],2.0,en,1.0,2,-1.0,-1.0,-1.0,-1.0,-1.0,-1.0,-1.0,-1.0,-1.0,-1.0,-1.0,-1.0,-1.0,-1.0,-1.0,-1.0,-1.0,-1.9650695,1.914239
8ba4de1c3c25e221c18837383ff005166971558557c20f7196193f3df226c2c5,244051a0cd2037a737f09e88f600042c961f8a5446bbe78eb136a8db6641bd64,20230301T200435.485Z,2023-03-01,the sus pig emote is in my shop,the sus pig emote is in my shop,0,[],2.0,en,1.0,2,-1.0,-1.0,-1.0,-1.0,-1.0,1.0,-1.0,-1.0,-1.0,-1.0,-1.0,-1.0,-1.0,-1.0,-1.0,-1.0,-1.0,3.4285214,-2.8726923
1ed8cbee44f83975b06d2c6754e79008c3b05433304200269fde30bc51bd45d0,fabdcf630a9310f29bd33ff6f4d3f325929f682e20e52b35c292a3a4de14a42e,20230301T014822.183Z,2023-03-01,whaps,whaps,0,[],2.0,en,1.0,2,-1.0,-1.0,-1.0,-1.0,-1.0,-1.0,-1.0,-1.0,-1.0,-1.0,-1.0,-1.0,-1.0,-1.0,-1.0,-1.0,-1.0,-2.7447636,2.9241545
fb9783cfcdf5a2dbd7b00bea60670b3c27bcad7874da7baab31b99bba4d1d3f1,5c7af8abbba6b48fdc69894e8bd1d149e82fe908941e1bc7164a47dfd40197d7,20230301T145425.293Z,2023-03-01,I love being a fucking racist,I love being a fucking racist,0,[],6.0,en,1.0,6,-1.0,-1.0,2.0,6.0,-1.0,-1.0,-1.0,-1.0,-1.0,-1.0,-1.0,-1.0,-1.0,-1.0,-1.0,-1.0,-1.0,1.9159049,-1.6783603
f5c77e9674365866b4812403feddc1b3c7da543ef461411b2563d8e89a135bde,a9b5dfceffa773038e91e3f0c73be2235b5ea6d73becc3a319266159a4382fb0,20230301T221719.868Z,2023-03-01,hey people do you like our clan so far?,hey people do you like our clan so far?,0,[],2.0,en,1.0,2,-1.0,-1.0,-1.0,-1.0,-1.0,1.0,-1.0,-1.0,-1.0,-1.0,-1.0,-1.0,-1.0,-1.0,-1.0,-1.0,-1.0,-2.132319,2.2520268
26f9be2f6d3d421886388fd11b1be2878fc70efd38824d365ee85355856489e8,2a85b2e574abf5bc3bd68a0eeeaecce0ff168e60bb1f6a6c0b374b211a621d7f,20230301T060523.797Z,2023-03-01,let's feel good about it tonight,let's feel good about it tonight,0,[],1.0,en,1.0,1,-1.0,-1.0,-1.0,-1.0,-1.0,-1.0,-1.0,-1.0,-1.0,-1.0,-1.0,-1.0,-1.0,-1.0,-1.0,-1.0,-1.0,-4.1445327,4.4766636
f06a6960face274aeab75bf6cd368e902923aea31f0d5c2b5e0abbb057fc4611,6bdbb1df2d8f188270c65f2062cb12472a8e0266e9646f3b8ec0dc51cc24abad,20230301T003121.645Z,2023-03-01,We should all just put demon slayer names lmao,We should all just put demon slayer names lmao,0,[],3.0,en,1.0,3,-1.0,3.0,-1.0,-1.0,-1.0,-1.0,-1.0,-1.0,-1.0,3.0,-1.0,-1.0,-1.0,-1.0,-1.0,-1.0,-1.0,3.5647576,-3.1081452
d9790b7666abf60cb39cb6d250507538d7bd0f13d2b6872f7904526bb4eb5d44,af57b65f0657568e37054883285c93689a165ad2194b91fb1fe2f196bb5480c1,20230301T015549.884Z,2023-03-01,But that's pretty good,But that's pretty good,0,[],2.0,en,1.0,2,-1.0,-1.0,-1.0,-1.0,-1.0,-1.0,-1.0,-1.0,-1.0,-1.0,-1.0,-1.0,-1.0,-1.0,-1.0,-1.0,-1.0,-4.2250986,4.622033
a968fb6e190bf66eaab17442c340057c9e8bd5ef24cc92dd10dcd32b207f06c2,da5461c840f6cfe71eb7957765be21ef108c1d82d04cd9c860200a2e17679b9e,20230301T181833.572Z,2023-03-01,big,big,0,[],1.0,en,1.0,1,-1.0,-1.0,-1.0,-1.0,-1.0,-1.0,-1.0,-1.0,-1.0,-1.0,-1.0,-1.0,-1.0,-1.0,-1.0,-1.0,-1.0,-3.4862356,3.7418
bbb5fc5eab2d73553275a4ebfa36187e6763a702e00d22560b3cb86fb123f867,2e9e6fbfe2c16cf729cbf5dbda668524ff83008d26969f8fb769636c01979caa,20230301T023221.509Z,2023-03-01,Onlyfans cr gratis,Onlyfans cr gratis,0,[],5.0,en,1.0,5,-1.0,-1.0,5.0,-1.0,-1.0,-1.0,-1.0,-1.0,-1.0,-1.0,5.0,-1.0,-1.0,-1.0,-1.0,-1.0,-1.0,0.13982031,0.00654905
be68caebdad5afa921c77d76c6327934f7038551d4d94c7cbacb1d65e5422e8c,298b8d18a4e4b6a4937460c6f36be8c308b5da7959f375dc2642febbf24a12f0,20230301T003737.730Z,2023-03-01,what the heck,what the heck,0,[],2.0,en,1.0,2,-1.0,-1.0,-1.0,-1.0,-1.0,-1.0,-1.0,-1.0,-1.0,-1.0,-1.0,-1.0,-1.0,-1.0,-1.0,-1.0,-1.0,2.3020308,-1.8007696
bacd01be997e5988a0b6f914f162c72cd5671663c21c0e141bcaa4c0c6efb68b,75c8e78a2dbc5239db5dcbd6b986f6b20223f8b2b1b2a347b03548d7d51853da,20230301T013427.816Z,2023-03-01,I thought their tower was down,I thought their tower was down,0,[],2.0,en,1.0,2,-1.0,-1.0,-1.0,-1.0,-1.0,1.0,-1.0,-1.0,-1.0,-1.0,-1.0,-1.0,-1.0,-1.0,-1.0,-1.0,-1.0,4.506661,-3.7244499
0863588c9f552d0494cb4cef62c92c159c8be91c5af9249cdad1cdd0a507a09c,f4c8d7a0fa17a9558498ca801e66f071641d601d6aa96ce36cdc64bde87fc605,20230301T193004.431Z,2023-03-01,what,what,0,[],1.0,en,1.0,1,-1.0,-1.0,-1.0,-1.0,-1.0,-1.0,-1.0,-1.0,-1.0,-1.0,-1.0,-1.0,-1.0,-1.0,-1.0,-1.0,-1.0,-2.5241568,2.6355698
1d74d8bdffef3abe8190f0f282a946936bbf0be4050980a8f4affb85f41e55e3,182bc8604381db1d32b761f877acd2ab04468eb0217e6ab64a0f3123d765c032,20230301T191010.941Z,2023-03-01,Sucks they removed 2v2:,Sucks they removed 2v2:,0,[],3.0,en,1.0,3,-1.0,-1.0,-1.0,-1.0,-1.0,1.0,-1.0,-1.0,-1.0,-1.0,-1.0,-1.0,-1.0,-1.0,-1.0,-1.0,-1.0,2.9290397,-2.5498126
0fef635294f3ed6c584f8d975b49b7da23fce2094479ffe41eac5c2a6cdba642,e49d94ac027980417a43a3e38e55d7ea296199b5cbce7e4fcb4e0e33f3bbb715,20230301T091834.627Z,2023-03-01,report that acc for a ban,report that acc for a ban,0,[],2.0,en,1.0,2,-1.0,-1.0,-1.0,-1.0,-1.0,1.0,-1.0,-1.0,-1.0,-1.0,-1.0,-1.0,-1.0,-1.0,-1.0,-1.0,-1.0,2.4744287,-2.0922325
2bd1c1a8809ad7b98cc1c3ee74daafa72d7ab2778d43cfe3329ba3ca7d5aca85,4621877fa65ca563a99c98d9f7c3b0b7cc00593e0d562be0280c916f290df482,20230301T234010.828Z,2023-03-01,Yes it‚Äôs great if you time it right on your side,Yes it‚Äôs great if you time it right on your side,0,[],2.0,en,1.0,2,-1.0,-1.0,-1.0,-1.0,-1.0,-1.0,-1.0,-1.0,-1.0,-1.0,-1.0,-1.0,-1.0,-1.0,-1.0,-1.0,-1.0,-4.193623,4.557293
c83b1e992a331c6030dfe6b146da5bbfcff92c3aa6a74c92a95dcd713ce6b6d9,0a5217e30b5530c538dac7522353a82772a391ea648937495501eca200b7695a,20230301T010959.348Z,2023-03-01,Wanna play more???,Wanna play more???,0,[],2.0,en,1.0,2,-1.0,-1.0,-1.0,-1.0,-1.0,-1.0,-1.0,-1.0,-1.0,-1.0,-1.0,-1.0,-1.0,-1.0,-1.0,-1.0,-1.0,3.3243597,-2.7368233
c4efabd533e98f0830eefa7ab2f61894e99578f80967bf56f3f5b1e50b308f23,16cac3b76284df1e2aeb63071bb9405394b0b08af2fb6313394fcd2b466cefa7,20230301T161120.241Z,2023-03-01,gg,gg,0,[],1.0,en,1.0,1,-1.0,-1.0,-1.0,-1.0,-1.0,-1.0,-1.0,-1.0,-1.0,-1.0,-1.0,-1.0,-1.0,-1.0,-1.0,-1.0,-1.0,-0.120970905,0.103868
93f0a0c3bd58dcfe1e622e08d0e885eba33e975b8a472882f3d5b0e752e7bcf7,b2df8843764a4d0e928428f783a90cc866fd8772f7579099e6229b443f612ab6,20230301T081846.679Z,2023-03-01,time here. general activity etc,time here. general activity etc,0,[],1.0,en,1.0,1,-1.0,-1.0,-1.0,-1.0,-1.0,1.0,-1.0,-1.0,-1.0,-1.0,-1.0,-1.0,-1.0,-1.0,-1.0,-1.0,-1.0,-2.2470837,2.3945827
0d0263164e006414a38dcd30d09b6e7434d1275e6a7bd84d7b3f7a29eddcabb7,bfbdc0bfc87ed40fbd0ffcd8720b22c1c07c5a34c3885a64984d38e287c09cb9,20230301T171020.465Z,2023-03-01,BROOOOOO MY WIFI,BROOOOOO MY WIFI,0,[],1.0,en,1.0,1,-1.0,-1.0,-1.0,-1.0,-1.0,1.0,-1.0,-1.0,-1.0,-1.0,-1.0,-1.0,-1.0,-1.0,-1.0,-1.0,-1.0,-0.64462227,0.7049404
2cc57e549d90c169eb04753b5fd5ad29ca301db979e0dda45e8fd22d24443692,684f747c3fb1d8b8be60e5c684c473e4af99b92525e24f92196815ecfbcf425a,20230301T103813.830Z,2023-03-01,Game I just can‚Äôt seem to win much yet,Game I just can‚Äôt seem to win much yet,0,[],1.0,en,1.0,1,-1.0,-1.0,-1.0,-1.0,-1.0,-1.0,-1.0,-1.0,-1.0,-1.0,-1.0,-1.0,-1.0,-1.0,-1.0,-1.0,-1.0,4.5321264,-3.6387432
46b5b7564b3e39608fe2a938685b5aae62bdd4fb9e15ab2aaf342bb365158b05,db70cee5565b5a5b201059b4eb18739c4f1fdb4d64e4c572493b8c0142114a1e,20230301T020217.696Z,2023-03-01,what just happened?,what just happened?,0,[],1.0,en,1.0,1,-1.0,-1.0,-1.0,-1.0,-1.0,-1.0,-1.0,-1.0,-1.0,-1.0,-1.0,-1.0,-1.0,-1.0,-1.0,-1.0,-1.0,3.2220893,-2.6145597
1f53b4a662860bae8499585d374e369116b48d6a9c723106630635f06dc1ab18,4b2feca0a7364fe92bd5d1f4acd73f666327b416b8c202b4f348c01733cb74d8,20230301T062459.245Z,2023-03-01,YOU USE NOOB,YOU USE NOOB,0,[],2.0,en,1.0,2,2.0,-1.0,-1.0,-1.0,-1.0,-1.0,-1.0,-1.0,-1.0,-1.0,-1.0,-1.0,-1.0,-1.0,-1.0,-1.0,-1.0,2.2867162,-1.8913829
f27c7a9d975b096c13f4b01bea1e572260aad300371cb40b12be6d6ce6e8d7c5,3c3de74007e1113705411599bc7b49590682bd8c425994addd1e96eed549f1ae,20230301T200549.620Z,2023-03-01,welcome back toenail. you know the drill,welcome back toenail. you know the drill,0,[],2.0,en,1.0,2,-1.0,-1.0,-1.0,-1.0,-1.0,-1.0,-1.0,-1.0,-1.0,-1.0,-1.0,-1.0,-1.0,-1.0,-1.0,-1.0,-1.0,-3.2105508,3.4575996
809ad95d9f45eda5d9c1a40b0a2e5bcfb4f46b45c00622d970b9bde36ca66a06,5f9c9f9999d2bad6eef32deaf1d7536d31617e8393e7bc403cda7f7e2f07c00f,20230301T065126.827Z,2023-03-01,R going over here :<,R going over here :<,0,[],2.0,en,1.0,2,-1.0,-1.0,-1.0,-1.0,-1.0,-1.0,-1.0,-1.0,-1.0,-1.0,-1.0,-1.0,-1.0,-1.0,-1.0,-1.0,-1.0,0.719343,-0.53653896
4cc0646649eee13469dd822ba793dede5abbb619a32ea27ac915bd40c40e2668,d9b2df2e80f0bae2bf97608d9c62f50baa04e2cbb2a483ceebdb064193c94ac7,20230301T042731.788Z,2023-03-01,trade,trade,0,[],1.0,en,1.0,1,-1.0,-1.0,-1.0,-1.0,-1.0,1.0,-1.0,-1.0,-1.0,-1.0,-1.0,-1.0,-1.0,-1.0,-1.0,-1.0,-1.0,-1.542174,1.5723553
d191b3820d79271b684491c51b4d8fb72a9b418514502938e4e3e2aca634e4b4,92fc9f801318e343f8960c74234d7b88f6a066cecd53b3b840a1e48eee1c9f0b,20230301T164207.788Z,2023-03-01,I think we can‚Äôt trade that,I think we can‚Äôt trade that,0,[],2.0,en,1.0,2,-1.0,-1.0,-1.0,-1.0,-1.0,1.0,-1.0,-1.0,-1.0,-1.0,-1.0,-1.0,-1.0,-1.0,-1.0,-1.0,-1.0,3.0240908,-2.5646684
3f2d1edf9174e02c29e7ccc2a52e480b616b016ce107a96093cbcd8fe646736e,eb6ca51e4771336a83afe28762d827ff03c7246162767f357fa1cd44d01f7fc7,20230301T192046.894Z,2023-03-01,"it's a good thought. should be a 10k vid, not 24.","it's a good thought. should be a 10k vid, not 24.",0,[],2.0,en,1.0,2,-1.0,-1.0,-1.0,-1.0,-1.0,-1.0,-1.0,-1.0,-1.0,-1.0,-1.0,-1.0,-1.0,-1.0,-1.0,-1.0,-1.0,-1.8079776,1.8792548
a30f4bc442129d51d15e2336315dcb2184c6391b4b17c2b69499ff91b17ba0ce,330a16297ac917bdc5703efb3527d57da1065cb4f4b6347e5a3336ccae509999,20230301T194544.690Z,2023-03-01,100k gold to upgrade from 13 to 14,100k gold to upgrade from 13 to 14,0,[],2.0,en,1.0,2,-1.0,-1.0,-1.0,-1.0,-1.0,1.0,-1.0,-1.0,-1.0,-1.0,-1.0,-1.0,-1.0,-1.0,-1.0,-1.0,-1.0,-2.7680318,2.8269389
5ea72a60d8d008c8a0d008816c0414fcfbc6c0413549595246b67de8999fb426,19507cc0a5e1913f1f6ffda6a20f9c7d48091a80f75cd29c88e479e635cebc62,20230301T050739.351Z,2023-03-01,Huh,Huh,0,[],1.0,en,1.0,1,-1.0,-1.0,-1.0,-1.0,-1.0,-1.0,-1.0,-1.0,-1.0,-1.0,-1.0,-1.0,-1.0,-1.0,-1.0,-1.0,-1.0,1.1022108,-0.80441225
9c9d18398ede3421d3fab426d5364e788724528b80bf9c18ba71f670fa1ce732,5b514ff70bc380309ab1f1cba65a6cfa154b732853a5fd8da1b0f46a20dd4547,20230301T174812.573Z,2023-03-01,j money give me owner back after I join back,j money give me owner back after I join back,0,[],2.0,en,1.0,2,-1.0,-1.0,-1.0,-1.0,-1.0,-1.0,-1.0,-1.0,-1.0,-1.0,-1.0,-1.0,-1.0,-1.0,-1.0,-1.0,-1.0,2.6284912,-2.1570408
13e36bfb7e4b22b704279d17fffa64ccef099c65d41c50897d88eb9a116a1204,279d2f312cf7d1df82048ec3eb2020a2d179679206ca98c4d9b7a7d7b85d49e9,20230301T225522.804Z,2023-03-01,Wtf,Wtf,0,[],3.0,en,1.0,3,-1.0,-1.0,-1.0,3.0,-1.0,-1.0,-1.0,-1.0,-1.0,-1.0,-1.0,-1.0,-1.0,-1.0,-1.0,-1.0,-1.0,-0.39831898,0.28097087
112db97434e74c62601450cbfec161d58711ee76bd20e74de70c628ea6fb7570,01cbc11f7689975fdd86b28fe6ea53f29638ce5279d65256bc6f07c0d758d0f1,20230301T055440.050Z,2023-03-01,it's one less active player for them,it's one less active player for them,0,[],2.0,en,1.0,2,-1.0,-1.0,-1.0,-1.0,-1.0,1.0,-1.0,-1.0,-1.0,-1.0,-1.0,-1.0,-1.0,-1.0,-1.0,-1.0,-1.0,2.6667984,-2.2243826
1f74febc587490857b78aea4f384750ef3f851a55ca9b516301783e9a7ee35be,65aaa89001cb1da4843436e8076aaaaa6d19a1a9627ce038348301dbbea5c048,20230301T114229.167Z,2023-03-01,sheeeshhhh hehehhehe,sheeeshhhh hehehhehe,0,[],1.0,en,1.0,1,-1.0,-1.0,-1.0,-1.0,-1.0,-1.0,-1.0,-1.0,-1.0,-1.0,-1.0,-1.0,-1.0,-1.0,-1.0,-1.0,-1.0,1.5610253,-1.41599
2886f53dd2228627fd0a2a249ebccfb973929c4741e44222285ade189c39b5db,f62b1bdcc01a18c1bdd961f97d8d97f24c3695fefb50e4b8c9bbf62ef8c0ef63,20230301T194415.618Z,2023-03-01,ja m√°m Clan war or friendly,ja m√°m Clan war or friendly,0,[],2.0,en,1.0,2,-1.0,-1.0,-1.0,-1.0,-1.0,1.0,-1.0,-1.0,-1.0,-1.0,-1.0,-1.0,-1.0,-1.0,-1.0,-1.0,-1.0,2.1902816,-1.8701293
8e17f1a44255adcdd2139998e1dc92457d42adf3d36134df6b03cddad33a8016,8e0966d0187fde820780e2c71a95a43e16980f09767d36e4dbcdcaba25377add,20230301T204307.451Z,2023-03-01,Monks dogshit though I reckon or maybe I don‚Äôt know how to use him,Monks dogshit though I reckon or maybe I don‚Äôt know how to use him,0,[],5.0,en,1.0,5,-1.0,-1.0,-1.0,5.0,-1.0,-1.0,-1.0,-1.0,-1.0,3.0,-1.0,-1.0,-1.0,-1.0,-1.0,-1.0,-1.0,2.7590253,-2.3376691
b30bd56e88a48f898d0efd41390a410261cd8ca4d591b4623b5c8483d4ea3961,21c8a5d19e2b93a5e45bbcf2f169f425fa9b3d235a28d9767bf84dfe47e99223,20230301T131729.108Z,2023-03-01,back at ya,back at ya,0,[],1.0,en,1.0,1,-1.0,-1.0,-1.0,-1.0,-1.0,-1.0,-1.0,-1.0,-1.0,-1.0,-1.0,-1.0,-1.0,-1.0,-1.0,-1.0,-1.0,-2.5567396,2.6747606
e6c938f33a4a9cac60329e1e2fac5055a4d6517ad2a7aaa4fe4b42f32ce4d4ef,aa8ad288eb30467f680c18e5f21bae03096a5d294d47bf7919cd7d694884ce59,20230301T031318.070Z,2023-03-01,1 vs. 1 warm up,1 vs. 1 warm up,0,[],2.0,en,1.0,2,-1.0,-1.0,-1.0,-1.0,-1.0,-1.0,-1.0,-1.0,-1.0,-1.0,-1.0,-1.0,-1.0,-1.0,-1.0,-1.0,-1.0,-1.4199629,1.4680041
389249164a15a559115c83524f27e09309a371556aad1f8ce0ad3c5ae6af02d2,371bc4ee00b3f333be47eb9b408846758b209fe688b8464963323647f7d8418d,20230301T005856.276Z,2023-03-01,LFG!!!!,LFG!!!!,0,[],2.0,en,1.0,2,-1.0,-1.0,-1.0,-1.0,-1.0,-1.0,-1.0,-1.0,-1.0,-1.0,-1.0,-1.0,-1.0,-1.0,-1.0,-1.0,-1.0,-2.1927264,2.309625
01827cbd6b5ec2987c980122ef6ba1b21cf2ef5bd1b9cdb54cc6dd73d8e385c8,2377230365c93280af3e270f192a1867ee27da294c66baff67db72105d016a9b,20230301T205821.489Z,2023-03-01,I‚Äôm so broke rn got no real job cause door dash is trashhhh,I‚Äôm so broke rn got no real job cause door dash is trashhhh,0,[],3.0,en,1.0,3,-1.0,-1.0,-1.0,-1.0,-1.0,-1.0,-1.0,-1.0,-1.0,-1.0,-1.0,-1.0,-1.0,-1.0,-1.0,-1.0,-1.0,4.4816117,-3.65888
9c5739c02fbeee6049863c76e640b97f734e00d29978ba401bc52353337c1fc4,f14e1e627d2beff0a411a6ad3886e18311941cfa1a6889c3125b9a6721025d8b,20230301T044814.980Z,2023-03-01,welcome new friends!,welcome new friends!,0,[],1.0,en,1.0,1,-1.0,-1.0,-1.0,-1.0,-1.0,1.0,-1.0,-1.0,-1.0,-1.0,-1.0,-1.0,-1.0,-1.0,-1.0,-1.0,-1.0,-4.1653275,4.452424
6212e77f54df8a471c53a4e2a641dd4eda1a9c09c8ddbf3372625becd00e9c9b,54257ac7a10313e1ebcc4f4b52d284bae6edfb53ce8c7d6c46ad382045fca9a7,20230301T145602.691Z,2023-03-01,No,No,0,[],1.0,en,1.0,1,-1.0,-1.0,-1.0,-1.0,-1.0,-1.0,-1.0,-1.0,-1.0,-1.0,-1.0,-1.0,-1.0,-1.0,-1.0,-1.0,-1.0,3.133568,-2.5025456
ecc764dd6a8e49b806da8a09ad60c06f225b36c7ff85a69ba367ca8216acdf4e,bfead5965e034e952c91ce35c94473e4bb39d4e4d660dc67bf69dddef2a4db12,20230301T211023.995Z,2023-03-01,Mirror matchups at 1000 medals whoop,Mirror matchups at 1000 medals whoop,0,[],1.0,en,1.0,1,-1.0,-1.0,-1.0,-1.0,-1.0,1.0,-1.0,-1.0,-1.0,-1.0,-1.0,-1.0,-1.0,-1.0,-1.0,-1.0,-1.0,-1.8063468,1.9015212
f44a6ebfe538b85ed8ba5b442314e01400acbc24e84b94ee24ab78f85a805cba,8778861396bfd138335ef675ba2b247a86ad0ecb6c3144cf8011ef65aeb9bcde,20230301T092709.057Z,2023-03-01,finally got my Minions to max level! üí™ no more asking you for Minions üòÇ,finally got my Minions to max level! üí™ no more asking you for Minions üòÇ,0,[],1.0,en,1.0,1,-1.0,-1.0,-1.0,-1.0,-1.0,1.0,-1.0,-1.0,-1.0,-1.0,-1.0,-1.0,-1.0,-1.0,-1.0,-1.0,-1.0,-0.16625722,0.49888793
993ad8b4eafef7fede9e9f4937b67d2ba25f5a0496da1d0cfdef75ffc5992628,b0c9f73a9325cc65ba86cbf4c4076969c6abd281675076b11f28a264649f6ea5,20230301T230410.010Z,2023-03-01,what was he doing?,what was he doing?,0,[],1.0,en,1.0,1,-1.0,-1.0,-1.0,-1.0,-1.0,-1.0,-1.0,-1.0,-1.0,-1.0,-1.0,-1.0,-1.0,-1.0,-1.0,-1.0,-1.0,3.282554,-2.6528094
c3f63e282627d5274f53b8f41df5e091f16578a2545dd83779fb7e1fc105259b,112fe8577df8a47a783368f8f8a66878c5b541ab82fb4c0bd9da1bf888f08a74,20230301T214348.659Z,2023-03-01,Yeah im tired too,Yeah im tired too,0,[],1.0,en,1.0,1,-1.0,-1.0,-1.0,-1.0,-1.0,-1.0,-1.0,-1.0,-1.0,-1.0,-1.0,-1.0,-1.0,-1.0,-1.0,-1.0,-1.0,3.8251822,-3.2638218
2f093ae267bd0582d3fb17d175680052d5c4e1277d7b3cb941cb6db0cf75e46b,4d74031aacb2f0efc14f8883fe3cb9315c513ca11f9d777483208ea47080e0c4,20230301T184433.537Z,2023-03-01,"why EX 6,0??????","why EX 6,0??????",0,[],2.0,en,1.0,2,-1.0,-1.0,-1.0,-1.0,-1.0,-1.0,-1.0,-1.0,-1.0,-1.0,-1.0,-1.0,-1.0,-1.0,-1.0,-1.0,-1.0,3.4167984,-2.7848392
93850655da685c1c6de4a6734abaff5f33b668a7ee29c88bb5cc643e226661d2,a9f3886ae8fd44f41354cfe3ce71bb0eb0258a5bd432f74a5f22ba61b1eaa821,20230301T061001.263Z,2023-03-01,"Buzzin‚Äô good tonight, but down.","Buzzin‚Äô good tonight, but down.",0,[],2.0,en,1.0,2,-1.0,-1.0,-1.0,-1.0,-1.0,-1.0,-1.0,-1.0,-1.0,-1.0,-1.0,-1.0,-1.0,-1.0,-1.0,-1.0,-1.0,1.2344621,-0.9777924
e5ad93961469e7b0764ba8d5ed65b87a3980ffdef7baa9780412e8a76f2d2378,d7bc529047e7294b229f37683496930e9aaf5905255382816db4048d95c3dd71,20230301T221613.202Z,2023-03-01,"only had 5, I did your one up top too k","only had 5, I did your one up top too k",0,[],2.0,en,1.0,2,-1.0,-1.0,-1.0,-1.0,-1.0,-1.0,-1.0,-1.0,-1.0,-1.0,-1.0,-1.0,-1.0,-1.0,-1.0,-1.0,-1.0,1.4521791,-1.273557
2ad2c4399059d9662083ba1b9eaed9d660ee405a0d215089b96b89037131b237,c9e963164dbce2e2ba4f59ae031f143e29925564189b3afeb49746e6398c08c3,20230301T021048.257Z,2023-03-01,Finna be repairing 737 fuel tanks,Finna be repairing 737 fuel tanks,0,[],3.0,en,1.0,3,-1.0,-1.0,-1.0,-1.0,-1.0,1.0,-1.0,-1.0,-1.0,-1.0,-1.0,-1.0,-1.0,-1.0,-1.0,-1.0,-1.0,0.80029684,-0.6256918
f7b511627c990698a379bbe1cb915fe5e4e43acc56f56329b25203d382bda063,603f1f3b0f5d3df8eac7881838cd984e00e8d270982cd23406f0f6bcca22f919,20230301T024057.993Z,2023-03-01,that's my luck,that's my luck,0,[],1.0,en,1.0,1,-1.0,-1.0,-1.0,-1.0,-1.0,-1.0,-1.0,-1.0,-1.0,-1.0,-1.0,-1.0,-1.0,-1.0,-1.0,-1.0,-1.0,-4.0330286,4.356965
4fb5cca12d6e847125181667c6d34c9f7baf7ae4a3e6138a332cffc8a352135e,0085dfc7edabc9179d32853a82a90e2cdfe45fba4b76737c6567cc5f082fba67,20230301T181958.965Z,2023-03-01,"i felt like i was over committing on defense, but i wasn‚Äôt sure how much i needed to commit to defend against bandit, dp, ghost etc","i felt like i was over committing on defense, but i wasn‚Äôt sure how much i needed to commit to defend against bandit, dp, ghost etc",0,[],2.0,en,1.0,2,-1.0,-1.0,-1.0,-1.0,-1.0,1.0,-1.0,-1.0,-1.0,-1.0,-1.0,-1.0,-1.0,-1.0,-1.0,-1.0,-1.0,4.271791,-3.527507
782dcd57f2a86caaaae4cc8dab03d577201bdb6ba58ac19d937a7c6ce0f501ad,2b9359ba6e52bb801ebd422a89e3d606f222f552f849122afa150d29888a8a71,20230301T172116.206Z,2023-03-01,Kid.,Kid.,0,[],1.0,en,1.0,1,-1.0,-1.0,-1.0,-1.0,-1.0,-1.0,-1.0,-1.0,-1.0,-1.0,-1.0,-1.0,-1.0,-1.0,-1.0,-1.0,-1.0,-2.8745193,2.8891175
33db2a58686afacf9257379f2dac929b011a17fc4682e5ff6929b2ef8013eac8,a80e561fc1a1876000fb69c0fcb5ccff2ccf85fbae9f7b34d1d644eb62b95589,20230301T181403.297Z,2023-03-01,Also can someone do 250 skeleton barrels for 250 knights?,Also can someone do 250 skeleton barrels for 250 knights?,0,[],2.0,en,1.0,2,-1.0,-1.0,-1.0,-1.0,-1.0,1.0,-1.0,-1.0,-1.0,-1.0,-1.0,-1.0,-1.0,-1.0,-1.0,-1.0,-1.0,3.5244374,-2.9143775
4458c17113580127bab32efde2d303447da381240c845dd114e001c89b590ce5,f3d73f377bab9f2b9fe5d892e7db70db9ce486b39105bf0629f86c69b68aedaa,20230301T143640.201Z,2023-03-01,Same,Same,0,[],1.0,en,1.0,1,-1.0,-1.0,-1.0,-1.0,-1.0,-1.0,-1.0,-1.0,-1.0,-1.0,-1.0,-1.0,-1.0,-1.0,-1.0,-1.0,-1.0,2.252127,-1.9049611
a8a9a4a32188ce209e742a250c1fcbf8cd02af4b2826e48bad5857844f3fe7ea,5cc82ffacf66ce422057ead2b513b75525f7efc5a7016a3eb3677f8c6be412c0,20230301T014157.818Z,2023-03-01,a,a,0,[],1.0,en,1.0,1,-1.0,-1.0,-1.0,-1.0,-1.0,-1.0,-1.0,-1.0,-1.0,-1.0,-1.0,-1.0,-1.0,-1.0,-1.0,-1.0,-1.0,-2.137753,2.2148888
4d67f458f69d509de300df6b95ef09d539620258e4d39cf5e6ad99ead052d964,d746c761316be1c7a74c219a57e18be90db01427ee7eee0ef3f4ee9e77ca2c4c,20230301T004647.516Z,2023-03-01,I'd give recruits for arrows,I'd give recruits for arrows,0,[],2.0,en,1.0,2,-1.0,-1.0,-1.0,-1.0,-1.0,1.0,-1.0,-1.0,-1.0,-1.0,-1.0,-1.0,-1.0,-1.0,-1.0,-1.0,-1.0,1.5185302,-1.3438256
23da6531f1d222c080210467cca35bfd1900f2e13863e5ed93dba987a6962e56,ecd527b7ca10022a7c04d36d26e4143f3aca7f9cda41e1acc520bf2197c28c0e,20230301T113749.199Z,2023-03-01,bio,bio,0,[],1.0,en,1.0,1,-1.0,-1.0,-1.0,-1.0,-1.0,-1.0,-1.0,-1.0,-1.0,-1.0,-1.0,-1.0,-1.0,-1.0,-1.0,-1.0,-1.0,-3.0689943,3.16483
bdf847c106f758ea909e7f054f8c3e550059cf8c2be4ef606cbddc399336d235,0449d308704f72b1e2174a59d3f3f41aed7c6f952427d5914542721cb5fcfa03,20230301T185126.910Z,2023-03-01,You're all some dick sucking fatass retarded faggots,You're all some **** ******* fatass ******** *******,1,['dick' 'sucking' 'retarded' 'faggots'],6.0,en,1.0,6,6.0,-1.0,6.0,6.0,-1.0,-1.0,-1.0,-1.0,6.0,-1.0,-1.0,-1.0,-1.0,-1.0,-1.0,-1.0,-1.0,2.7407186,-2.315123
36fd494ece5c2b45051d61d7e64d43ee78b0d3c305e48a77571fcf1ade66df42,d02c2674b6f542410e406520d7084941fcbdd7f59b98bec21984b69413f01154,20230301T111629.278Z,2023-03-01,bruhh he ordained as well,bruhh he ordained as well,0,[],2.0,en,1.0,2,-1.0,-1.0,-1.0,-1.0,-1.0,-1.0,-1.0,-1.0,-1.0,-1.0,-1.0,-1.0,-1.0,-1.0,-1.0,-1.0,-1.0,-1.7250274,1.6326222
85cef04b40aaa6d0d3950333acaf697c6daa5e29933e2e746dfa0d15d89c05bc,d03ab7ef3dc33f1fbfac8dd33e5268e379557442a8158cafd874682517862126,20230301T064420.114Z,2023-03-01,Good luck bro,Good luck bro,0,[],1.0,en,1.0,1,-1.0,-1.0,-1.0,-1.0,-1.0,1.0,-1.0,-1.0,-1.0,-1.0,-1.0,-1.0,-1.0,-1.0,-1.0,-1.0,-1.0,-4.0185385,4.3755283
72a215ff8ecfe03891ef4ec377e862c94557ed095cd7171d6a30e39b9d1c5b85,17df8b9cd088e0bce13507da62cd6fa38779d990e1109b3f10927e03ee960c34,20230301T124615.825Z,2023-03-01,"one of games it was lagging like a cunt, just fucked me","one of games it was lagging like a cunt, just fucked me",0,[],6.0,en,1.0,6,-1.0,-1.0,5.0,6.0,-1.0,-1.0,-1.0,-1.0,-1.0,-1.0,-1.0,-1.0,-1.0,-1.0,-1.0,-1.0,-1.0,3.6212242,-3.0307825
9dc4f9f1bc57406a7db5f8222ff73151faa977ea26751bb8193c9d4ebfb62f7e,12571ac394bfa8d3014e0e5e2ced656de3f6a2a64fc92e6defcd47b340140d9b,20230301T185259.640Z,2023-03-01,goofy,goofy,0,[],1.0,en,1.0,1,-1.0,-1.0,-1.0,-1.0,-1.0,-1.0,-1.0,-1.0,-1.0,-1.0,-1.0,-1.0,-1.0,-1.0,-1.0,-1.0,-1.0,-2.7615364,2.9412382
8d0b20ef79cc8dbefc1486e730c1aeaad9f0d2008e4aea75a0fa6d4e377b1cb1,812e3d52c45c9e631376e78e0f5d3709e4c597e03375e55e24884ca1c94127c9,20230301T211645.813Z,2023-03-01,Does anyone have a good arena 7 deck,Does anyone have a good arena 7 deck,0,[],2.0,en,1.0,2,-1.0,-1.0,-1.0,-1.0,-1.0,1.0,-1.0,-1.0,-1.0,-1.0,-1.0,-1.0,-1.0,-1.0,-1.0,-1.0,-1.0,-1.0675195,1.1658254
735b1d9def8eccc8c0097141e448f4abaf4c1e2a985cb79bfafbcbfca12d1a1d,e3d98918ac80e34403aed764dcbb450d6ce8c2feeb464fb303ca3ebfa20ad384,20230301T104441.557Z,2023-03-01,Pash 50 salli üòÇ,Pash 50 salli üòÇ,0,[],2.0,en,1.0,2,-1.0,-1.0,-1.0,-1.0,-1.0,-1.0,-1.0,-1.0,-1.0,-1.0,-1.0,-1.0,-1.0,-1.0,-1.0,-1.0,-1.0,1.2168838,-1.017534
87df6371a865bb266c8c7d2ebcb9428dfb8b2bd87127b47e054af72930d29aa4,479f76f2d73a1e8351c2b0aa1ee19e410afaff2a0adf5b5b9632911b6c2d2136,20230301T181656.945Z,2023-03-01,byee,byee,0,[],0.0,en,1.0,0,-1.0,-1.0,-1.0,-1.0,-1.0,-1.0,-1.0,-1.0,-1.0,-1.0,-1.0,-1.0,-1.0,-1.0,-1.0,-1.0,-1.0,2.058306,-1.6573017
aff99c541897243c6841ab383b30e481c5c671257dffb309934cdc08dbbefd99,51f9952c66af2eba191ad0f2ca3164cca4cfcc4456d998411b2a1f1e777666ab,20230301T030957.927Z,2023-03-01,i love you too ü•∫,i love you too ü•∫,0,[],3.0,en,1.0,3,-1.0,-1.0,3.0,-1.0,-1.0,-1.0,-1.0,-1.0,-1.0,-1.0,-1.0,-1.0,-1.0,-1.0,-1.0,-1.0,-1.0,-3.4522438,3.6360655
819ec012d1d86d4855579e5491b4d3556f15efce22cafb800212d24113bcc948,2b23266aa9445ef5b493a903340c03d19c7df7f43a96820cff50bc9d7d5f01d4,20230301T114851.814Z,2023-03-01,it's a joke,it's a joke,0,[],1.0,en,1.0,1,-1.0,-1.0,-1.0,-1.0,-1.0,-1.0,-1.0,-1.0,-1.0,-1.0,-1.0,-1.0,-1.0,-1.0,-1.0,-1.0,-1.0,3.232897,-2.5987394
11cea6dab6bacfd90797713336941c56c5b5a192736f0a2182e932f34a25dbc9,977b81f4785aca9c51300146f8943642a4eaa29a3bda37a5c55b7d3c79df046e,20230301T124232.642Z,2023-03-01,When u were in arena 9,When u were in arena 9,0,[],2.0,en,1.0,2,-1.0,-1.0,-1.0,-1.0,-1.0,1.0,-1.0,-1.0,-1.0,-1.0,-1.0,-1.0,-1.0,-1.0,-1.0,-1.0,-1.0,-1.5733293,1.5763525
c49479f35bb195ef1e97aa3a25545a1f8c6fc98473bbb246b9891cf29120905f,f972f821f01607baeb85dc8ba5498dadca3741ad8c55289da3164108199cd1bf,20230301T051602.731Z,2023-03-01,only 400 left,only 400 left,0,[],2.0,en,1.0,2,-1.0,-1.0,-1.0,-1.0,-1.0,-1.0,-1.0,-1.0,-1.0,-1.0,-1.0,-1.0,-1.0,-1.0,-1.0,-1.0,-1.0,2.0103948,-1.7575115
70878345958ad513a193237adc63efbd248a8846a4a1112e46193938ba1e44dc,e52115fafb6ec571342db48627adedadcacb6c8e8eca28d343f5630ae337a212,20230301T165253.743Z,2023-03-01,im washed,im washed,0,[],1.0,en,1.0,1,-1.0,-1.0,-1.0,-1.0,-1.0,-1.0,-1.0,-1.0,-1.0,-1.0,-1.0,-1.0,-1.0,-1.0,-1.0,-1.0,-1.0,2.62842,-2.1724908
242f08bf4f8f8e0b708f2823eefa06bdced55d1777bf6e1f9816367e94d897a2,04009012b87273048e3405db0706c75f13998eccebbda1a6af118e2ed6f67871,20230301T041113.344Z,2023-03-01,krtoy tingal,krtoy tingal,0,[],1.0,en,1.0,1,-1.0,-1.0,-1.0,-1.0,-1.0,-1.0,-1.0,-1.0,-1.0,-1.0,-1.0,-1.0,-1.0,-1.0,-1.0,-1.0,-1.0,-1.3223989,1.3969479
4cfcdaeffd4aff325cd623f7f9db3afb83506308709796ca6bb71ae736b76e1f,ff724012699b3bcd06f9cec67c972dd713f1b0b0edde039d3f0b5b8991101069,20230301T020702.349Z,2023-03-01,Are u mad?,Are u mad?,0,[],1.0,en,1.0,1,-1.0,-1.0,-1.0,-1.0,-1.0,-1.0,-1.0,-1.0,-1.0,-1.0,-1.0,-1.0,-1.0,-1.0,-1.0,-1.0,-1.0,3.4691606,-2.8178017
dbc4981ffbd0ed1ab5d51b79498d80f95c1d5bdab02591433beeddcc87fc397e,90061a96117d76846ff4b6eb9abd298302fdc8eed77d7560a94b7d69ec96862a,20230301T221946.656Z,2023-03-01,rehmu is back apparemment,rehmu is back apparemment,0,[],2.0,en,1.0,2,-1.0,-1.0,-1.0,-1.0,-1.0,-1.0,-1.0,-1.0,-1.0,-1.0,-1.0,-1.0,-1.0,-1.0,-1.0,-1.0,-1.0,-1.689906,1.8510776
9f5a6f80dd3708709ce14f229497d5badc7c18681cc6ed4f4d35c10a76689c53,18cc6eb7daf2668cdc57ac99536800a582affcaebd500e0bac10eac6c76deb68,20230301T092212.490Z,2023-03-01,These offers in the shop are so bad,These offers in the shop are so bad,0,[],2.0,en,1.0,2,-1.0,-1.0,-1.0,-1.0,-1.0,1.0,-1.0,-1.0,-1.0,-1.0,-1.0,-1.0,-1.0,-1.0,-1.0,-1.0,-1.0,4.7750063,-3.8045664
6f48b2ec223613ce6d202edcc5df835936ad423053fc1f54f23a2cf004f1da22,faa094980883f961731df85b79f5cc8a9033f29661611a59a4cb0d8efda28316,20230301T052105.600Z,2023-03-01,kyu ?,kyu ?,0,[],1.0,en,1.0,1,-1.0,-1.0,-1.0,-1.0,-1.0,-1.0,-1.0,-1.0,-1.0,-1.0,-1.0,-1.0,-1.0,-1.0,-1.0,-1.0,-1.0,1.258773,-0.9772985
750de65f2177d3c67695489da9cc57bb0beb4c1244eceb1f91be426dc1578c4d,86f947a34544747d5efbcb987f92d4b7b7d927b85e40d19f2cf9a275a488e8d4,20230301T204119.204Z,2023-03-01,"Any upgrade that raises the level of the cards to 15, I‚Äôm done with this game. Was reading that this is their plan for 2023.","Any upgrade that raises the level of the cards to 15, I‚Äôm done with this game. Was reading that this is their plan for 2023.",0,[],2.0,en,1.0,2,-1.0,-1.0,-1.0,-1.0,-1.0,1.0,-1.0,-1.0,-1.0,-1.0,-1.0,-1.0,-1.0,-1.0,-1.0,-1.0,-1.0,2.9489505,-2.5326989
34a801dff76e59f92804b07a33fae121d1f9e6e58c384fa2266f19cb943b63a2,873dd2106ef1b253fab37401de9770213bf3227b5246e31b00b2fc7dc28599b5,20230301T175137.296Z,2023-03-01,What‚Äôs a good deck for the sparky challenge I‚Äôm stinking at it,What‚Äôs a good deck for the sparky challenge I‚Äôm stinking at it,0,[],2.0,en,1.0,2,-1.0,-1.0,-1.0,-1.0,-1.0,1.0,-1.0,-1.0,-1.0,-1.0,-1.0,-1.0,-1.0,-1.0,-1.0,-1.0,-1.0,0.6931855,-0.42525297
c3aa8b01b3f1276f341138775545c43abca2e5874b5decf3acdeed52aff92424,bc98b68409d09ae8f37464fb4a1b6fed6442da2b165cdb0a8f451ad628b62066,20230301T214228.126Z,2023-03-01,Welcome,Welcome,0,[],1.0,en,1.0,1,-1.0,-1.0,-1.0,-1.0,-1.0,-1.0,-1.0,-1.0,-1.0,-1.0,-1.0,-1.0,-1.0,-1.0,-1.0,-1.0,-1.0,-4.145416,4.4320536
275552c4d4b9513a75c59202d7f490651d3a9580e9bd672e5d9f21b6e1d4c760,e298e9a82af7f279d9c68bac70b7cc231241b438b8adf1fc0371b4c4ba159d73,20230301T125230.635Z,2023-03-01,korea is trash,korea is trash,0,[],3.0,en,1.0,3,-1.0,-1.0,-1.0,-1.0,-1.0,-1.0,-1.0,-1.0,3.0,-1.0,-1.0,-1.0,-1.0,-1.0,-1.0,-1.0,-1.0,4.2157626,-3.3956687
317a2527090622d6c953daece215bd3822b5fbd6de6bb82c05920e09f69699f9,5f882cd4a3f2a67f8c7e97487444302a602ef90a54da7be78954d3fdfec2359f,20230301T074735.920Z,2023-03-01,overtime in touchdown,overtime in touchdown,0,[],2.0,en,1.0,2,-1.0,-1.0,-1.0,-1.0,-1.0,1.0,-1.0,-1.0,-1.0,-1.0,-1.0,-1.0,-1.0,-1.0,-1.0,-1.0,-1.0,-2.3606036,2.5748355
03123257279a9cf2c38e79ed79e605236b74578ab1352b6101e0fb1fa5e4e8bd,49b931e2c20ce510c1ca19be042b5eeeff367f70c6bd8df46b60056a668bdcd6,20230301T052108.375Z,2023-03-01,Can you make that trade.what can you give?,Can you make that trade.what can you give?,0,[],2.0,en,1.0,2,-1.0,-1.0,-1.0,-1.0,-1.0,-1.0,-1.0,-1.0,-1.0,-1.0,-1.0,-1.0,-1.0,-1.0,-1.0,-1.0,-1.0,1.7233815,-1.377377
f392aaaf9a56a36f2a073257143f8bf759f8974889494b36761f79c16eaded51,bf5eb9bf43ff46cc457162eeb5d909f5c4e9611039dd4e4a3a62f822d87a5986,20230301T041549.593Z,2023-03-01,gg,gg,0,[],1.0,en,1.0,1,-1.0,-1.0,-1.0,-1.0,-1.0,-1.0,-1.0,-1.0,-1.0,-1.0,-1.0,-1.0,-1.0,-1.0,-1.0,-1.0,-1.0,-0.120970905,0.103868
c1b44198506f4939e9c24ee3e1cd833a02d850d1a536894cf81a5a4f62139e41,ac1a3db63e5fa15cd8bf01ce965938211fedf087978ce2b7505723cfe10645d1,20230301T235322.056Z,2023-03-01,no,no,0,[],1.0,en,1.0,1,-1.0,-1.0,-1.0,-1.0,-1.0,-1.0,-1.0,-1.0,-1.0,-1.0,-1.0,-1.0,-1.0,-1.0,-1.0,-1.0,-1.0,3.133568,-2.5025456
fe5c758a0549da061bf002e4b41d0f40cd64aadb49164d31397c912f9399a58b,c64a2358119681cf0e3351e5afaa06560bcd8b91daf5cb9e644482213703cd8f,20230301T233221.643Z,2023-03-01,you confuse me sometimes,you confuse me sometimes,0,[],2.0,en,1.0,2,-1.0,-1.0,-1.0,-1.0,-1.0,-1.0,-1.0,-1.0,-1.0,-1.0,-1.0,-1.0,-1.0,-1.0,-1.0,-1.0,-1.0,3.7095459,-2.9728482
f5dd289bc49b20de2d8e9565bfb869dfcc0df6dac5a97d70f5e480b4bee4cbb8,ea922c2bfd010ab0d4b3de6217888f61d5765216b14ec6d08603b7cd8b18aebd,20230301T221546.049Z,2023-03-01,GG SP!,GG SP!,0,[],2.0,en,1.0,2,-1.0,-1.0,-1.0,-1.0,-1.0,-1.0,-1.0,-1.0,-1.0,-1.0,-1.0,-1.0,-1.0,-1.0,-1.0,-1.0,-1.0,-1.1996926,1.3452357
36afa6b7ec02786bc6c34f34586d86f538e1986ab2a13eff352464b85d4373f6,53ec4c5e600d4866228f720f9f26b40f15c31c0624d36a1e96a3f133c33a25e4,20230301T230516.356Z,2023-03-01,Why am I sooo tired of everything,Why am I sooo tired of everything,0,[],2.0,en,1.0,2,-1.0,-1.0,-1.0,-1.0,-1.0,-1.0,-1.0,-1.0,-1.0,-1.0,-1.0,-1.0,-1.0,-1.0,-1.0,-1.0,-1.0,4.2830443,-3.509687
c8fee42c2b7c0c767b2e1ec1290086bf934dde6eb1123bebe7a5ea20f55e4b49,19c377cc89dc80b289af4087903908f4266019a259cf1f365cf0b784fa8b3264,20230301T011210.247Z,2023-03-01,bruh 4 health,bruh 4 health,0,[],2.0,en,1.0,2,-1.0,-1.0,-1.0,-1.0,-1.0,1.0,-1.0,-1.0,-1.0,-1.0,-1.0,-1.0,-1.0,-1.0,-1.0,-1.0,-1.0,-1.8466434,1.7825196
b966370e8693c5fbe4ace07f86e3d7aba018cd60ff8e519eceda1f250b1f9a8f,28c4fbcfcdb84c43aa0fa98863f6c2e05bc8fc3fc585e52ab868a844561e1621,20230301T144441.794Z,2023-03-01,hellllooo,hellllooo,0,[],0.0,en,1.0,0,-1.0,-1.0,-1.0,-1.0,-1.0,-1.0,-1.0,-1.0,-1.0,-1.0,-1.0,-1.0,-1.0,-1.0,-1.0,-1.0,-1.0,2.4977713,-2.1511674
8ec0309641cda2ab986862259ed524e6c4e3ee4514af23664d810a1d8f8b40f5,d59dabb8c88c7cbd10a74a99d1c2ace3dd598505226020890bf8d38f14c56242,20230301T051037.582Z,2023-03-01,Yeah it‚Äôs the best you got for this season though,Yeah it‚Äôs the best you got for this season though,0,[],1.0,en,1.0,1,-1.0,-1.0,-1.0,-1.0,-1.0,1.0,-1.0,-1.0,-1.0,-1.0,-1.0,-1.0,-1.0,-1.0,-1.0,-1.0,-1.0,-4.120259,4.5314174
12d0f90127eda39e7e073c22a8a90b5a6ea98a2165edd7cb110151824c2aacdd,f2f28b8fdee2437d3a1089b59649ec6cda3604411d3200cc8a8781291159eab8,20230301T143235.186Z,2023-03-01,thikache,thikache,0,[],2.0,en,1.0,2,-1.0,-1.0,-1.0,-1.0,-1.0,-1.0,-1.0,-1.0,-1.0,-1.0,-1.0,-1.0,-1.0,-1.0,-1.0,-1.0,-1.0,-1.0626383,1.155644
6a1c40880c555e97de27401808a44d331ff33146ddee4064832a92981c2a5352,634620be67ae3d7c94d92d4a171352831504cb50cb9e78bbf6469a5a12465672,20230301T052539.243Z,2023-03-01,"Thank you, one that you don't worry about anyway, there are more in the other clan, but you have to have fun and have fun, that's what counts","Thank you, one that you don't worry about anyway, there are more in the other clan, but you have to have fun and have fun, that's what counts",0,[],2.0,en,1.0,2,-1.0,-1.0,-1.0,-1.0,-1.0,1.0,-1.0,-1.0,-1.0,-1.0,-1.0,-1.0,-1.0,-1.0,-1.0,-1.0,-1.0,-4.2037477,4.506682
6286c101ba19f80acd8144d7f95d7c3c5505aa3fe472c32bc15f4dfe66ee0bbe,4ece243e0f9ccd1b10f4c0da660d1e3f705f5f191cde5a4a4eb8f2a7187705e9,20230301T125926.803Z,2023-03-01,Hello,Hello,0,[],0.0,en,1.0,0,-1.0,-1.0,-1.0,-1.0,-1.0,-1.0,-1.0,-1.0,-1.0,-1.0,-1.0,-1.0,-1.0,-1.0,-1.0,-1.0,-1.0,-3.6784706,3.95975
5eeab339b5ad33d5fc537c6a206cf1792dba59a5ab5367b0ca7e62ca27555892,f3df8ac3b36b90e8f392172418d92130e98b6110552e5f831d1b2568d3457876,20230301T033727.430Z,2023-03-01,Np..champion level wow kudos and props,Np..champion level wow kudos and props,0,[],1.0,en,1.0,1,-1.0,-1.0,-1.0,-1.0,-1.0,1.0,-1.0,-1.0,-1.0,-1.0,-1.0,-1.0,-1.0,-1.0,-1.0,-1.0,-1.0,-2.8609185,3.0191848
e2383a80adf63c4789ba41e46f0e56e9573caf442588eebf2550e19495114805,3feee8d4170cb3e8b8c5fb9b529495605133834d67148c3afad2ad6f4a68aebc,20230301T034130.008Z,2023-03-01,ave r,ave r,0,[],2.0,en,1.0,2,-1.0,-1.0,-1.0,-1.0,-1.0,-1.0,-1.0,-1.0,-1.0,-1.0,-1.0,-1.0,-1.0,-1.0,-1.0,-1.0,-1.0,-0.62668973,0.7087246
e15d104a02e698d85245836c9f98442705b7da1268dd5396a324936e0e83220c,4d16291e74d4e380d2c2331a768dc671eb855054aff40f0d6ac79290d1afee2b,20230301T194213.483Z,2023-03-01,ah ok,ah ok,0,[],1.0,en,1.0,1,-1.0,-1.0,-1.0,-1.0,-1.0,-1.0,-1.0,-1.0,-1.0,-1.0,-1.0,-1.0,-1.0,-1.0,-1.0,-1.0,-1.0,-3.4273813,3.6353676
cfefa55283330f6a5c79c6ca568f575671882a9e94b14891e9b139c71f297a82,b5e664f0a40ec027cd2e3526437c6865ac185451d64c549882d18bc79dfc27be,20230301T132953.116Z,2023-03-01,"ok, thanks, bro","ok, thanks, bro",0,[],2.0,en,1.0,2,-1.0,-1.0,-1.0,-1.0,-1.0,1.0,-1.0,-1.0,-1.0,-1.0,-1.0,-1.0,-1.0,-1.0,-1.0,-1.0,-1.0,-4.0561757,4.4008164
887cb47e7357bf685c93020c2f554a2a806dab86c23b293038391283858c382e,602ead74e8f1416f2d51d7e723da0c3b69649dd7e9dea854672c378877d75e28,20230301T001030.892Z,2023-03-01,Thx,Thx,0,[],1.0,en,1.0,1,-1.0,-1.0,-1.0,-1.0,-1.0,-1.0,-1.0,-1.0,-1.0,-1.0,-1.0,-1.0,-1.0,-1.0,-1.0,-1.0,-1.0,-0.03841783,0.12003418
aa53d9f4a358f9db8e77b4f0ae730ca33c0b3fc565036b0598608fe5bbe84df9,a2dd4debcbc0a213ca8efee14081b47ab76a144c5114094030676477d0c13e03,20230301T051000.551Z,2023-03-01,lets goooo,lets goooo,0,[],1.0,en,1.0,1,-1.0,-1.0,-1.0,-1.0,-1.0,-1.0,-1.0,-1.0,-1.0,-1.0,-1.0,-1.0,-1.0,-1.0,-1.0,-1.0,-1.0,2.7884543,-2.2696633
4bf827c425d9fc7b7ff6244f50bcdfb7a2b7b9dc2be6021fd166b0820ceca4fa,42fe973b91baeafa18e695a5ac9516746f521cd45c63fbb06a678179ea8178a8,20230301T164144.871Z,2023-03-01,Nose,Nose,0,[],1.0,en,1.0,1,-1.0,-1.0,-1.0,-1.0,-1.0,-1.0,-1.0,-1.0,-1.0,-1.0,-1.0,-1.0,-1.0,-1.0,-1.0,-1.0,-1.0,1.9893725,-1.7319727
3162629b1af50c758c9ed0f7f4dee40f3c9e289e63f5d53dc02df20291a3b602,1b74f6b251f8c47ebad747f106f7f6575ed28a0c5213b4629e7645b32936be09,20230301T213343.643Z,2023-03-01,Y‚Äôall are weird asf,Y‚Äôall are weird ***,1,['asf'],5.0,en,1.0,5,-1.0,-1.0,-1.0,5.0,-1.0,-1.0,-1.0,-1.0,-1.0,-1.0,-1.0,-1.0,-1.0,-1.0,-1.0,-1.0,-1.0,2.7803612,-2.305021
53e3b8696faceaebff1dcc4710d241647b7be654eb6283e2822c8f59be989920,72503a55de71aeeb52f3e2dada7c2e5f22b8ee5c53542f5ea578bc421811faec,20230301T115757.216Z,2023-03-01,"""Ignore the last """"I""""""","""Ignore the last """"I""""""",0,[],2.0,en,1.0,2,-1.0,-1.0,-1.0,-1.0,-1.0,-1.0,-1.0,-1.0,-1.0,-1.0,-1.0,-1.0,-1.0,-1.0,-1.0,-1.0,-1.0,4.37081,-3.496978
86ecd92d6408c537079187c2a70e9fa263cf2fd96da58bc27a4c0b08bacdd862,f31e9ff14d3b330bedd5d6fad14ec729b77bdb96d7b44d6cd5175895e75cbad0,20230301T215317.182Z,2023-03-01,don't kick me,don't kick me,0,[],3.0,en,1.0,3,-1.0,3.0,-1.0,-1.0,-1.0,-1.0,-1.0,-1.0,-1.0,-1.0,-1.0,-1.0,-1.0,-1.0,-1.0,-1.0,-1.0,1.0047156,-0.8015896
91ae42ec7f947742c18a83956fa0e76a73227f3fb1c8bc3240f45ec7b9185b4a,a8d13859f1a10454dd62bbca15a1b8bb678fb9d38ea9a9c66d463f975fb3442f,20230301T171325.407Z,2023-03-01,no,no,0,[],1.0,en,1.0,1,-1.0,-1.0,-1.0,-1.0,-1.0,-1.0,-1.0,-1.0,-1.0,-1.0,-1.0,-1.0,-1.0,-1.0,-1.0,-1.0,-1.0,3.133568,-2.5025456
23da6531f1d222c080210467cca35bfd1900f2e13863e5ed93dba987a6962e56,ecd527b7ca10022a7c04d36d26e4143f3aca7f9cda41e1acc520bf2197c28c0e,20230301T140811.608Z,2023-03-01,ok,ok,0,[],2.0,en,1.0,2,-1.0,-1.0,-1.0,-1.0,-1.0,-1.0,-1.0,-1.0,-1.0,-1.0,-1.0,-1.0,-1.0,-1.0,-1.0,-1.0,-1.0,-4.0382495,4.4067
17c82df0fbddbc53538225444e5f3d05d82e4064f93c44e06358f79aa6684727,a12960d4ea3b106978ffc6d5016894f8259139f44dbe4f1c89256296d238752e,20230301T093803.240Z,2023-03-01,x bow 2.9,x bow 2.9,0,[],2.0,en,1.0,2,-1.0,-1.0,-1.0,-1.0,-1.0,1.0,-1.0,-1.0,-1.0,-1.0,-1.0,-1.0,-1.0,-1.0,-1.0,-1.0,-1.0,-0.91134185,1.0601089
616b162167bfccefe25cfd7a051ce0e5c931ce7c48c3412fabd53911da881a9d,8b68b8a282a2f014a87f802aa54c96c8119166513c5f7c0f4bc0bb4a296fd67c,20230301T143007.419Z,2023-03-01,Ok we got some new officials in the clan!,Ok we got some new officials in the clan!,0,[],2.0,en,1.0,2,-1.0,-1.0,-1.0,-1.0,-1.0,1.0,-1.0,-1.0,-1.0,-1.0,-1.0,-1.0,-1.0,-1.0,-1.0,-1.0,-1.0,-3.6496418,3.860954
47882507bb51f15ee0099bc7e18836c4138fbaee936bb2c7288e2366fb024337,4330a81fa95c341b5755f08520914bf9bb7d1de94dfc0c25c127d54168bab0a4,20230301T142115.289Z,2023-03-01,sure,sure,0,[],1.0,en,1.0,1,-1.0,-1.0,-1.0,-1.0,-1.0,-1.0,-1.0,-1.0,-1.0,-1.0,-1.0,-1.0,-1.0,-1.0,-1.0,-1.0,-1.0,-4.0134892,4.283504
97bf386faac29dd54efde6675118c3bd32f990c5c4309e81d707a7b6a832d8cf,89f2c395aa5acdf77479552b33bd702782da9852c07b96c73ab5bcc831f245b5,20230301T233357.226Z,2023-03-01,I‚Äôm too sober for this lemme take a hoot,I‚Äôm too sober for this lemme take a hoot,0,[],3.0,en,1.0,3,-1.0,-1.0,-1.0,-1.0,3.0,-1.0,-1.0,-1.0,-1.0,-1.0,-1.0,-1.0,-1.0,-1.0,-1.0,-1.0,-1.0,3.5681667,-3.0353105
585901b9a382a5f5a3d6b777030ce6dc3e9e7acb363dfc925ac9a4e89f887ba2,aff3d8114d5e7f96f808a5229b6d799325cd3450b0eef5626f6e266e607681a9,20230301T170319.239Z,2023-03-01,Fr,Fr,0,[],1.0,en,1.0,1,-1.0,-1.0,-1.0,-1.0,-1.0,-1.0,-1.0,-1.0,-1.0,-1.0,-1.0,-1.0,-1.0,-1.0,-1.0,-1.0,-1.0,-1.4368931,1.5390964
2bd0bcc5359882135a0d37a88b6edffce26cf1339c3af788a133132cc0f21038,14fd56595adb7466da12b81509944bc303b4b3fac492b721132777103b30dde6,20230301T222148.414Z,2023-03-01,When I get back,When I get back,0,[],1.0,en,1.0,1,-1.0,-1.0,-1.0,-1.0,-1.0,-1.0,-1.0,-1.0,-1.0,-1.0,-1.0,-1.0,-1.0,-1.0,-1.0,-1.0,-1.0,-2.174509,2.1892893
84ec84bca8a8f311d5be7262815aedc22214b8169db7cf5a1812b311393f4bf7,b13443bde696f036f5cbcb0bcd7cb89ff283f15b70ea164263ee9e6d2cadd398,20230301T195130.380Z,2023-03-01,last*,last*,0,[],1.0,en,1.0,1,-1.0,-1.0,-1.0,-1.0,-1.0,-1.0,-1.0,-1.0,-1.0,-1.0,-1.0,-1.0,-1.0,-1.0,-1.0,-1.0,-1.0,-2.0739486,2.1325576
d4d662c596dd578fd0f96ce74560be6c77e3e029056c94385adcbe150b51cbfb,906313b65f0a1a784e5607a79bbfe0f6dffe5bbc6467d83e04416bdc86570fc1,20230301T043012.166Z,2023-03-01,Trash,Trash,0,[],3.0,en,1.0,3,-1.0,-1.0,-1.0,-1.0,-1.0,-1.0,-1.0,-1.0,-1.0,-1.0,-1.0,-1.0,-1.0,-1.0,-1.0,-1.0,-1.0,4.5251975,-3.6552393
167e399cb04950d747642a84f45679c8d890078f8dbcd2b02265ee613c61edb1,fb5cc64dd10379645f990853ff02960f4db29578ad3055d1eedf8cdc03a5d8b7,20230301T050414.390Z,2023-03-01,how shall we give peeps for inactive. the dude you kicked was gone for a week. that the limit?,how shall we give peeps for inactive. the dude you kicked was gone for a week. that the limit?,0,[],2.0,en,1.0,2,-1.0,2.0,-1.0,-1.0,-1.0,-1.0,-1.0,-1.0,-1.0,-1.0,-1.0,-1.0,-1.0,-1.0,-1.0,-1.0,-1.0,3.6219933,-3.024377
7e08969e33c60146cc193e81bd675335ecd61473f41a0fdf08a06e0143a2d156,fcf875ad48d511639e8ae0e5b7e24cbf5feeff253e528ffbed9e52c3fb2986f7,20230301T011111.234Z,2023-03-01,what about you?,what about you?,0,[],1.0,en,1.0,1,-1.0,-1.0,-1.0,-1.0,-1.0,-1.0,-1.0,-1.0,-1.0,-1.0,-1.0,-1.0,-1.0,-1.0,-1.0,-1.0,-1.0,0.97327775,-0.5640304
63ac40c8ac68897e20218946d2a54a6c176076c160c24913b646b0bf10f1d671,56ae0dfc61f255b56aaa0b52dda663674221fd3bf0c38fc809201832415fff38,20230301T040831.017Z,2023-03-01,u wanna 1v1 with inf elixer?,u wanna 1v1 with inf elixer?,0,[],2.0,en,1.0,2,-1.0,-1.0,-1.0,-1.0,-1.0,1.0,-1.0,-1.0,-1.0,-1.0,-1.0,-1.0,-1.0,-1.0,-1.0,-1.0,-1.0,3.0988548,-2.564563
d2453a03e3b34424e2503974d43bb68c84b986de224004ac5e8a02291fda5124,55d0760a1246c5ea8dcd8a6be50a081fc2a691e3a0bc48e909f223dca539aafe,20230301T183225.222Z,2023-03-01,T dog u playing,T dog u playing,0,[],2.0,en,1.0,2,-1.0,-1.0,-1.0,-1.0,-1.0,-1.0,-1.0,-1.0,-1.0,-1.0,-1.0,-1.0,-1.0,-1.0,-1.0,-1.0,-1.0,1.8460635,-1.5513225
af74f8cfd4aacafc97703309d1d2e2ec1710b5c1b65ae5321b932bd16fadfcc5,907344db37d1321ead7e49157a009f975b628a4c65cbe9dfd3243a7afdde4a28,20230301T135759.719Z,2023-03-01,I don‚Äôt have any cannons,I don‚Äôt have any cannons,0,[],2.0,en,1.0,2,-1.0,-1.0,-1.0,-1.0,-1.0,-1.0,-1.0,-1.0,-1.0,-1.0,-1.0,-1.0,-1.0,-1.0,-1.0,-1.0,-1.0,3.2543557,-2.6702464
44efd84315f33e983e6ab8d844908ce6b610cc426af074814bc61d9272a7ee18,c2f2f9fe983248915ac33535cd7196017150dd398eec615bf34f34e1a40878fa,20230301T230442.032Z,2023-03-01,We want to win this,We want to win this,0,[],1.0,en,1.0,1,-1.0,-1.0,-1.0,-1.0,-1.0,-1.0,-1.0,-1.0,-1.0,-1.0,-1.0,-1.0,-1.0,-1.0,-1.0,-1.0,-1.0,-4.1400332,4.4669943
73430da8e01d00d1c4bc89e83fc96a9b825cd2dcaa9d395d1900da916b83bbc9,828eb584bb6e5f6228b763ff4d0b116f7b6315c89abcd287a5963cebc90d6bf3,20230301T160621.545Z,2023-03-01,He started,He started,0,[],1.0,en,1.0,1,-1.0,-1.0,-1.0,-1.0,-1.0,-1.0,-1.0,-1.0,-1.0,-1.0,-1.0,-1.0,-1.0,-1.0,-1.0,-1.0,-1.0,-2.2288873,2.2116766
932c68d66e8f2db3c968f9a2f9a2c31d55f307fc0c297ffa6af7611ae69e905b,38be44ea4ed2535a71ac7e4eef91fd5c0a4a3976eb9dcb9c3f754c981b039f1f,20230301T152707.515Z,2023-03-01,mega knigh,mega knigh,0,[],1.0,en,1.0,1,-1.0,-1.0,-1.0,-1.0,-1.0,1.0,-1.0,-1.0,-1.0,-1.0,-1.0,-1.0,-1.0,-1.0,-1.0,-1.0,-1.0,-1.3143818,1.5602384
e10cd6ddf379b98c52e59529026359ad80e53ebecd38cd69773a26a2a0d2e3e6,7f87a7d72c4038b8845735c772a0407cb58d4a443508d1e6eafb1478c5bda255,20230301T111455.383Z,2023-03-01,come friendly battle,come friendly battle,0,[],2.0,en,1.0,2,-1.0,-1.0,-1.0,-1.0,-1.0,1.0,-1.0,-1.0,-1.0,-1.0,-1.0,-1.0,-1.0,-1.0,-1.0,-1.0,-1.0,-3.0968723,3.228639
aaadde82ac7d4d2564d0ff199bdfb7f1ce30ad315b9332edf0d697a20b45b478,fecaa986ae9ad1f55a0e99a135b62c1bf11822861977462c8258eb7cbfa9e18d,20230301T233258.035Z,2023-03-01,wait so as in minimum trophies to join or War,wait so as in minimum trophies to join or War,0,[],2.0,en,1.0,2,-1.0,-1.0,-1.0,-1.0,-1.0,1.0,-1.0,-1.0,-1.0,-1.0,-1.0,-1.0,-1.0,-1.0,-1.0,-1.0,-1.0,3.7136314,-3.1216035
82fe35d9b37786af53ccdca96b69cfb0e68bf9f8e6525f0a4ad12721ff869629,e37903cd52c6b81bfe72390fdca5047ae9bc42639ddd1b004939541acab99c94,20230301T175851.455Z,2023-03-01,Do u know how to use words,Do u know how to use words,0,[],1.0,en,1.0,1,-1.0,-1.0,-1.0,-1.0,-1.0,-1.0,-1.0,-1.0,-1.0,-1.0,-1.0,-1.0,-1.0,-1.0,-1.0,-1.0,-1.0,-2.175483,2.1553001
a73cf5a14e3e50fac87e525e32d780067e9a8f7506a7b82fdea9225a9b951a5e,3d22f2f29e9e65ae80b8db1d3d67b1ad49c630007548107566de32a27c37f799,20230301T084809.822Z,2023-03-01,im down with the clowns,im down with the clowns,0,[],2.0,en,1.0,2,-1.0,-1.0,-1.0,-1.0,-1.0,-1.0,-1.0,-1.0,-1.0,-1.0,-1.0,-1.0,-1.0,-1.0,-1.0,-1.0,-1.0,2.6181128,-2.3458714
d6c25a4ac35c5a399c4c7f7e6b7eca03b8ceb7e315657ca8578fc9e263b13a1d,49c03dd3577548bf8592f9462484cd56aa7c9d30476933523a08b155a2e958a6,20230301T040853.558Z,2023-03-01,Yea this game makes crazy sometimes I swear,Yea this game makes crazy sometimes I swear,0,[],2.0,en,1.0,2,-1.0,-1.0,-1.0,-1.0,-1.0,1.0,-1.0,-1.0,-1.0,-1.0,-1.0,-1.0,-1.0,-1.0,-1.0,-1.0,-1.0,2.1999173,-1.788579
af6a6ed7e29f8e1a0ccb3491d85a2f05299e3261afa6d535641a137d71f3f52c,8609a9e753615a3dd4e5056b7e9ca90c3ad36d260f27cdf89ed7af6738a21826,20230301T213041.051Z,2023-03-01,Getting chests,Getting chests,0,[],2.0,en,1.0,2,-1.0,-1.0,-1.0,-1.0,-1.0,-1.0,-1.0,-1.0,-1.0,-1.0,-1.0,-1.0,-1.0,-1.0,-1.0,-1.0,-1.0,-1.4083596,1.5477998
aa63960fa26e7756b7fda28b4e168617432784958c5156f47c4a64b3b89d1812,129bcb1bbc0ebbb0d223179b3988301f5de761bc925bec6e6b90afa787f15a53,20230301T211021.650Z,2023-03-01,gg,gg,0,[],1.0,en,1.0,1,-1.0,-1.0,-1.0,-1.0,-1.0,-1.0,-1.0,-1.0,-1.0,-1.0,-1.0,-1.0,-1.0,-1.0,-1.0,-1.0,-1.0,-0.120970905,0.103868
3ba04ea8c7490cb2f9b3f353c92bd9d29e51d6165e9de818a7e95a2eaec5d576,25349a594c2fd6484c809bde55d782d55a12bf21a5472a4f9e62037fe189d1d9,20230301T181152.447Z,2023-03-01,my timing is so off today üíÄ,my timing is so off today üíÄ,0,[],3.0,en,1.0,3,-1.0,-1.0,-1.0,-1.0,-1.0,-1.0,-1.0,-1.0,-1.0,-1.0,-1.0,-1.0,-1.0,-1.0,-1.0,-1.0,-1.0,3.8870418,-3.1457057
f3b7a936fc8cc2dd92777b11f396d72b06967a79d8afc5d3cadf2a646e1168db,a1296906b44efccd8a564f07fc5f9491c9226c031777c7639bd481befb906d0a,20230301T132253.401Z,2023-03-01,paras it's my emoji,paras it's my emoji,0,[],1.0,en,1.0,1,-1.0,-1.0,-1.0,-1.0,-1.0,-1.0,-1.0,-1.0,-1.0,-1.0,-1.0,-1.0,-1.0,-1.0,-1.0,-1.0,-1.0,-0.30471686,0.50281847
7c10aa4e476c19fe951f4df5e4432f73d62257546d2d82ce29702cd4d802489d,e2d474bfebad521ac29faf728dced3a90c8ceec29483f2f59d0f86c11fa7c02f,20230301T204502.799Z,2023-03-01,spank uu,spank uu,0,[],5.0,en,1.0,5,-1.0,-1.0,-1.0,-1.0,-1.0,-1.0,-1.0,-1.0,-1.0,-1.0,-1.0,-1.0,-1.0,-1.0,-1.0,-1.0,-1.0,1.900976,-1.6061306
fe3ea9a5720699da632aeb0fcf15341c295ca122db09c0eea8e4189eeb3a1973,9b060b4be359e7554cb81f3cf4bcaa39ac98746511d685c6c7596f355edeea64,20230301T205333.184Z,2023-03-01,He‚Äôs using the mm poison I talked about,He‚Äôs using the mm poison I talked about,0,[],2.0,en,1.0,2,-1.0,-1.0,-1.0,-1.0,-1.0,1.0,-1.0,-1.0,-1.0,-1.0,-1.0,-1.0,-1.0,-1.0,-1.0,-1.0,-1.0,2.5555117,-2.156646
c07a03f777e9358607071e7c748bcbeef478e3f3f41e19f99d91236cf2e31e52,da49efaf934d88b4074519e7ba9be42438d13fcbdf36c02c7a99c39ba0910bb3,20230301T142906.249Z,2023-03-01,except uüòÇ,except uüòÇ,0,[],1.0,en,1.0,1,-1.0,-1.0,-1.0,-1.0,-1.0,-1.0,-1.0,-1.0,-1.0,-1.0,-1.0,-1.0,-1.0,-1.0,-1.0,-1.0,-1.0,0.14441109,0.014643961
